Track_ID,Track_Name,Streams,Released_Day,Released_Month,Released_Year,Cover_URL
Tr1000,Seven (feat. Latto) (Explicit Ver.),141381703,14,7,2023,Not Found
Tr1001,LALA,133716286,23,3,2023,https://i.scdn.co/image/ab67616d0000b2730656d5ce813ca3cc4b677e05
Tr1002,vampire,140003974,30,6,2023,https://i.scdn.co/image/ab67616d0000b273e85259a1cae29a8d91f2093d
Tr1003,Cruel Summer,800840817,23,8,2019,https://i.scdn.co/image/ab67616d0000b273e787cffec20aa2a396a61647
Tr1004,WHERE SHE GOES,303236322,18,5,2023,https://i.scdn.co/image/ab67616d0000b273ab5c9cd818ad6ed3e9b79cd1
Tr1005,Sprinter,183706234,1,6,2023,https://i.scdn.co/image/ab67616d0000b273e3a09a9ae3f1fa102c110e60
Tr1006,Ella Baila Sola,725980112,16,3,2023,https://i.scdn.co/image/ab67616d0000b2732071a0c79802d9375a53bfef
Tr1007,Columbia,58149378,7,7,2023,https://i.scdn.co/image/ab67616d0000b273a00a817b017c6f6bf8460be9
Tr1008,fukumean,95217315,15,5,2023,https://i.scdn.co/image/ab67616d0000b273017d5e26552345c4b1575b6c
Tr1009,La Bebe - Remix,553634067,17,3,2023,Not Found
Tr1010,un x100to,505671438,17,4,2023,Not Found
Tr1011,Super Shy,58255150,7,7,2023,https://i.scdn.co/image/ab67616d0000b2733d98a0ae7c78a3a9babaf8af
Tr1012,Flowers,1316855716,12,1,2023,https://i.scdn.co/image/ab67616d0000b27358039b5147731b6e52202e46
Tr1013,Daylight,387570742,14,4,2023,https://i.scdn.co/image/ab67616d0000b27395ca6a9b4083a86c149934ae
Tr1014,As It Was,2513188493,31,3,2022,https://i.scdn.co/image/ab67616d0000b2732e8ed79e177ff6011076f5f0
Tr1015,Kill Bill,1163093654,8,12,2022,https://i.scdn.co/image/ab67616d0000b2730c471c36970b9406233842a5
Tr1016,Cupid - Twin Ver.,496795686,24,2,2023,https://i.scdn.co/image/ab67616d0000b27337c0b3670236c067c8e8bbcb
Tr1017,"What Was I Made For? [From The Motion Picture ""Barbie""]",30546883,13,7,2023,Not Found
Tr1018,Classy 101,335222234,31,3,2023,https://i.scdn.co/image/ab67616d0000b27329ebee2b5fb008871fcd201a
Tr1019,Like Crazy,363369738,24,3,2023,https://i.scdn.co/image/ab67616d0000b2732b46078245d0120690eb560d
Tr1020,LADY GAGA,86444842,22,6,2023,Not Found
Tr1021,I Can See You (Taylor?s Version) (From The ,52135248,7,7,2023,Not Found
Tr1022,I Wanna Be Yours,1297026226,1,1,2013,https://i.scdn.co/image/ab67616d0000b2734ae1c4c5c45aabe565499163
Tr1023,"Peso Pluma: Bzrp Music Sessions, Vol. 55",200647221,31,5,2023,https://i.scdn.co/image/ab67616d0000b27315583045b2fdb7d7bab10e81
Tr1024,Popular (with Playboi Carti & Madonna) - The Idol Vol. 1 (Music from the HBO Original Series),115364561,2,6,2023,https://i.scdn.co/image/ab67616d0000b2734c8f092adc59b4bf4212389d
Tr1025,SABOR FRESA,78300654,22,6,2023,https://i.scdn.co/image/ab67616d0000b273cfe3eb72c48b93971e53efd9
Tr1026,Calm Down (with Selena Gomez),899183384,25,3,2022,Not Found
Tr1027,MOJABI GHOST,61245289,29,6,2023,https://i.scdn.co/image/ab67616d0000b273de7b9af78fbdda96c5a0635b
Tr1028,Last Night,429829812,31,1,2023,https://i.scdn.co/image/ab67616d0000b273fc1df8423733f6f3c9e8dea2
Tr1029,Dance The Night (From Barbie The Album),127408954,25,5,2023,https://i.scdn.co/image/ab67616d0000b2737dd3ba455ee3390cb55b0192
Tr1030,Rush,22581161,13,7,2023,https://i.scdn.co/image/ab67616d0000b273a4ffb2049ffce92bdae5f559
Tr1031,TULUM,52294266,28,6,2023,https://i.scdn.co/image/ab67616d0000b2732fb583ed96f8f35cbf2897ba
Tr1032,Creepin',843957510,2,12,2022,https://i.scdn.co/image/ab67616d0000b273703d523982199b2d1f2c77f5
Tr1033,Anti-Hero,999748277,21,10,2022,https://i.scdn.co/image/ab67616d0000b273bb54dde68cd23e2a268ae0f5
Tr1034,TQG,618990393,23,2,2023,https://i.scdn.co/image/ab67616d0000b27382de1ca074ae63cb18fce335
Tr1035,Los del Espacio,123122413,1,6,2023,Not Found
Tr1036,Fr?gil (feat. Grupo Front,188933502,7,4,2023,Not Found
Tr1037,Blank Space,1355959075,1,1,2014,https://i.scdn.co/image/ab67616d0000b2739abdf14e6058bd3903686148
Tr1038,Style,786181836,1,1,2014,https://i.scdn.co/image/ab67616d0000b2739abdf14e6058bd3903686148
Tr1039,TQM,176553476,19,5,2023,https://i.scdn.co/image/ab67616d0000b273832ea5d2f8c10f95fc3cc66d
Tr1040,El Azul,354495408,10,2,2023,https://i.scdn.co/image/ab67616d0000b27333ed356efed99b158c4267c6
Tr1041,Sunflower - Spider-Man: Into the Spider-Verse,2808096550,9,10,2018,https://i.scdn.co/image/ab67616d0000b273e2e352d89826aef6dbd5ff8f
Tr1042,I'm Good (Blue),1109433169,26,8,2022,Not Found
Tr1043,See You Again,1047101291,21,7,2017,https://i.scdn.co/image/ab67616d0000b2738940ac99f49e44f59e6f7fb3
Tr1044,Barbie World (with Aqua) [From Barbie The Album],65156199,23,6,2023,https://i.scdn.co/image/ab67616d0000b2737e8f938c02fac3b564931116
Tr1045,Angels Like You,570515054,27,11,2020,https://i.scdn.co/image/ab67616d0000b2738cffb7c6c40759eaf8a5a142
Tr1046,I Ain't Worried,1085685420,13,5,2022,https://i.scdn.co/image/ab67616d0000b273ec96e006b8bdfc582610ec13
Tr1047,Die For You,1647990401,24,11,2016,https://i.scdn.co/image/ab67616d0000b273a048415db06a5b6fa7ec4e1a
Tr1048,Starboy,2565529693,21,9,2016,https://i.scdn.co/image/ab67616d0000b2734718e2b124f79258be7bc452
Tr1049,Die For You - Remix,518745108,24,2,2023,Not Found
Tr1050,El Cielo,107753850,2,6,2023,Not Found
Tr1051,Baby Don't Hurt Me,177740666,6,4,2023,https://i.scdn.co/image/ab67616d0000b2730b4ef75c3728599aa4104f7a
Tr1052,AMARGURA,153372011,24,2,2023,https://i.scdn.co/image/ab67616d0000b27382de1ca074ae63cb18fce335
Tr1053,(It Goes Like) Nanana - Edit,57876440,15,6,2023,https://i.scdn.co/image/ab67616d0000b2739a8459318ff1a68ecfd74522
Tr1054,Another Love,1813673666,15,10,2012,https://i.scdn.co/image/ab67616d0000b2731917a0f3f4152622a040913f
Tr1055,Blinding Lights,3703895074,29,11,2019,https://i.scdn.co/image/ab67616d0000b2738863bc11d2aa12b54f5aeb36
Tr1056,Moonlight,256483385,24,2,2023,https://i.scdn.co/image/ab67616d0000b27381fccd758776d16b87721b17
Tr1057,La Bachata,1214083358,26,5,2022,https://i.scdn.co/image/ab67616d0000b273c9f744b0d62da795bc21d04a
Tr1058,S91,16011326,14,7,2023,https://i.scdn.co/image/ab67616d0000b273890cfb712167a0186918644e
Tr1059,cardigan,812019557,24,7,2020,https://i.scdn.co/image/ab67616d0000b27395f754318336a07e85ec59bc
Tr1060,T?,111947664,4,5,2023,Not Found
Tr1061,Boy's a liar Pt. 2,156338624,3,2,2023,https://i.scdn.co/image/ab67616d0000b27342c5ba689b2e7cbc208a8fa7
Tr1062,Left and Right (Feat. Jung Kook of BTS),720434240,24,6,2022,https://i.scdn.co/image/ab67616d0000b27335d2e0ed94a934f2cc46fa49
Tr1063,BESO,357925728,24,3,2023,Not Found
Tr1064,Hey Mor,674072710,6,10,2022,https://i.scdn.co/image/ab67616d0000b273125624f2e04f5a1ccb0dfb45
Tr1065,Yellow,1755214421,1,1,1999,https://i.scdn.co/image/ab67616d0000b273be011d16b9360a7dee109774
Tr1066,Karma,404562836,21,10,2022,https://i.scdn.co/image/ab67616d0000b273bb54dde68cd23e2a268ae0f5
Tr1067,People,373199958,2,12,2022,https://i.scdn.co/image/ab67616d0000b273fc342f95f117d48dbdde9735
Tr1068,Overdrive,14780425,14,7,2023,https://i.scdn.co/image/ab67616d0000b27372694fed173af6d24d22eefb
Tr1069,Enchanted (Taylor's Version),39578178,7,7,2023,https://i.scdn.co/image/ab67616d0000b2730b04da4f224b51ff86e0a481
Tr1070,BABY HELLO,54266102,23,6,2023,https://i.scdn.co/image/ab67616d0000b2730ff08e0346b55268e735a4e9
Tr1071,Heat Waves,2557975762,28,6,2020,https://i.scdn.co/image/ab67616d0000b273712701c5e263efc8726b1464
Tr1072,golden hour,751134527,15,7,2022,https://i.scdn.co/image/ab67616d0000b273c2504e80ba2f258697ab2954
Tr1073,Sweater Weather,2282771485,14,5,2012,https://i.scdn.co/image/ab67616d0000b2738265a736a1eb838ad5a0b921
Tr1074,"Quevedo: Bzrp Music Sessions, Vol. 52",1356565093,6,7,2022,https://i.scdn.co/image/ab67616d0000b2731630dd349221a35ce03a0ccf
Tr1075,Viva La Vida,1592909789,1,1,2008,https://i.scdn.co/image/ab67616d0000b273e21cc1db05580b6f2d2a3b6e
Tr1076,Here With Me,635412045,17,7,2022,https://i.scdn.co/image/ab67616d0000b27364fa1bda999f4fbd2b7c4bb7
Tr1077,Unholy (feat. Kim Petras),1230675890,22,9,2022,https://i.scdn.co/image/ab67616d0000b273a935e4689f15953311772cc4
Tr1078,Yandel 150,585695368,20,12,2022,https://i.scdn.co/image/ab67616d0000b273b2aec01b56eeb74610532700
Tr1079,CORAZ?N VA,43857627,22,6,2023,Not Found
Tr1080,Riptide,2009094673,1,1,1975,https://i.scdn.co/image/ab67616d0000b273a9929deb093a6617d2493b03
Tr1081,Until I Found You (with Em Beihold) - Em Beihold Version,600976848,22,4,2022,Not Found
Tr1082,Novidade na ?,39709092,23,6,2023,Not Found
Tr1083,Back To December (Taylor's Version),39228929,7,7,2023,https://i.scdn.co/image/ab67616d0000b2730b04da4f224b51ff86e0a481
Tr1084,STAY (with Justin Bieber),2665343922,9,7,2021,Not Found
Tr1085,El Merengue,223633238,3,3,2023,https://i.scdn.co/image/ab67616d0000b273f404676577626a87d92cf33f
Tr1086,Someone You Loved,2887241814,8,11,2018,https://i.scdn.co/image/ab67616d0000b273fc2101e6889d6ce9025f85f2
Tr1087,Me Porto Bonito,1440757818,6,5,2022,Not Found
Tr1088,Makeba,165484133,22,6,2015,https://i.scdn.co/image/ab67616d0000b27364ba66f8a81c52364e55db50
Tr1089,MONTAGEM - FR PUNK,58054811,20,6,2012,Not Found
Tr1090,Fast Car,157058870,24,3,2023,https://i.scdn.co/image/ab67616d0000b273ca650d3a95022e0490434ba1
Tr1091,What It Is (Solo Version),95131998,17,3,2023,https://i.scdn.co/image/ab67616d0000b2732ee85751f6f503fa9a533eba
Tr1092,Coco Chanel,250305248,17,3,2023,Not Found
Tr1093,Don?t Bl,685032533,8,11,2017,Not Found
Tr1094,Still With You,38411956,5,6,2020,https://i.scdn.co/image/ab67616d0000b273a7f42c375578df426b37638d
Tr1095,All My Life (feat. J. Cole),144565150,12,5,2023,Not Found
Tr1096,Say Yes To Heaven,127567540,17,3,2023,https://i.scdn.co/image/ab67616d0000b273aa27708d07f49c82ff0d0dae
Tr1097,Snooze,399686758,9,12,2022,https://i.scdn.co/image/ab67616d0000b27370dbc9f47669d120ad874ec1
Tr1098,Summertime Sadness,983637508,1,1,2011,https://i.scdn.co/image/ab67616d0000b273f894be72a77b1488292672c7
Tr1099,Take Two,118482347,9,6,2023,https://i.scdn.co/image/ab67616d0000b2738a701e76e8845928f6cd81c8
Tr1100,Lover,882831184,1,1,2012,https://i.scdn.co/image/ab67616d0000b273e787cffec20aa2a396a61647
Tr1101,Too Many Nights (feat. Don Toliver & with Future),286400165,2,12,2022,https://i.scdn.co/image/ab67616d0000b27313e54d6687e65678d60466c2
Tr1102,Chemical,172825906,14,4,2023,https://i.scdn.co/image/ab67616d0000b273f76f8deeba5370c98ad38f1c
Tr1103,Mockingbird,1241559043,1,1,2004,https://i.scdn.co/image/ab67616d0000b273726d48d93d02e1271774f023
Tr1104,New Jeans,29562220,7,7,2023,https://i.scdn.co/image/ab67616d0000b2733d98a0ae7c78a3a9babaf8af
Tr1105,Primera Cita,77309611,20,4,2022,https://i.scdn.co/image/ab67616d0000b273dc0bb68a08c069cf8467f1bd
Tr1106,Cold Heart - PNAU Remix,1605224506,10,11,2017,Not Found
Tr1107,Dandelions,1116995633,28,4,2017,https://i.scdn.co/image/ab67616d0000b27397e971f3e53475091dc8d707
Tr1108,Bones,838079900,11,3,2021,https://i.scdn.co/image/ab67616d0000b273fc915b69600dce2991a61f13
Tr1109,Set Fire to the Rain,1163620694,1,1,2011,https://i.scdn.co/image/ab67616d0000b2732118bf9b198b05a95ded6300
Tr1110,Money Trees,1093605526,1,1,2012,https://i.scdn.co/image/ab67616d0000b273d28d2ebdedb220e479743797
Tr1111,Tak Segampang Itu,179659294,2,12,2022,https://i.scdn.co/image/ab67616d0000b2732844c4e4e984ea408ab7fd6f
Tr1112,LAGUNAS,39058561,22,6,2023,Not Found
Tr1113,Mine (Taylor's Version),36912123,7,7,2023,https://i.scdn.co/image/ab67616d0000b2730b04da4f224b51ff86e0a481
Tr1114,Everybody Wants To Rule The World,1205951614,17,2,1985,https://i.scdn.co/image/ab67616d0000b27322463d6939fec9e17b2a6235
Tr1115,No Role Modelz,1791000570,9,12,2014,https://i.scdn.co/image/ab67616d0000b273c6e0948bbb0681ff29cdbae8
Tr1116,Tattoo,201660859,25,2,2023,https://i.scdn.co/image/ab67616d0000b2732b0ba87db609976eee193bd6
Tr1117,Rara Vez,248088961,8,2,2023,https://i.scdn.co/image/ab67616d0000b273d467bed4e6b2a01ea8569100
Tr1118,VAGABUNDO,90839753,12,5,2023,Not Found
Tr1119,august,607123776,24,7,2020,https://i.scdn.co/image/ab67616d0000b27395f754318336a07e85ec59bc
Tr1120,LUNA,55842345,22,6,2023,Not Found
Tr1121,Miracle (with Ellie Goulding),211050784,10,3,2023,https://i.scdn.co/image/ab67616d0000b273c58e22815048f8dfb1aa8bd0
Tr1122,Nonsense,342897938,15,7,2022,https://i.scdn.co/image/ab67616d0000b273700f7bf79c9f063ad0362bdf
Tr1123,Que Vuelvas,2762,9,12,2022,https://i.scdn.co/image/ab67616d0000b2735c7336d25ca101fbb0855647
Tr1124,Por las Noches,330346424,11,6,2021,https://i.scdn.co/image/ab67616d0000b273427d9aa38866b43ed45f6b0c
Tr1125,Feliz Cumplea?os Fe,601863821,19,8,2022,Not Found
Tr1126,Can't Hold Us (feat. Ray Dalton),1953533826,16,8,2011,Not Found
Tr1127,Watermelon Sugar,2322580122,17,11,2019,https://i.scdn.co/image/ab67616d0000b27377fdcfda6535601aff081b6a
Tr1128,lovely - Bonus Track,2355719893,11,8,2017,Not Found
Tr1129,"Rauw Alejandro: Bzrp Music Sessions, Vol. 56",66902503,21,6,2023,Not Found
Tr1130,Queencard,96273746,15,5,2023,https://i.scdn.co/image/ab67616d0000b27382dd2427e6d302711b1b9616
Tr1131,OMG,430977451,2,1,2023,https://i.scdn.co/image/ab67616d0000b273d70036292d54f29e8b68ec01
Tr1132,Radio,284819874,1,1,2011,https://i.scdn.co/image/ab67616d0000b273f894be72a77b1488292672c7
Tr1133,"Shakira: Bzrp Music Sessions, Vol. 53",721975598,11,1,2023,Not Found
Tr1134,505,1217120710,20,4,2007,https://i.scdn.co/image/ab67616d0000b2730c8ac83035e9588e8ad34b90
Tr1135,"Calling (Spider-Man: Across the Spider-Verse) (Metro Boomin & Swae Lee, NAV, feat. A Boogie Wit da Hoodie)",109276132,2,6,2023,https://i.scdn.co/image/ab67616d0000b2736ed9aef791159496b286179f
Tr1136,Trance (with Travis Scott & Young Thug),276259178,2,12,2022,https://i.scdn.co/image/ab67616d0000b27313e54d6687e65678d60466c2
Tr1137,"Tere Vaaste (From ""Zara Hatke Zara Bachke"")",54225632,22,5,2023,Not Found
Tr1138,Perfect,2559529074,1,1,2017,https://i.scdn.co/image/ab67616d0000b273ba5db46f4b838ef6027e6f96
Tr1139,Romantic Homicide,681583126,20,7,2022,https://i.scdn.co/image/ab67616d0000b273bd1a52b3d5903ee01c216da0
Tr1140,Believer,2594040133,31,1,2017,https://i.scdn.co/image/ab67616d0000b2735675e83f707f1d7271e5cf8a
Tr1141,Novo Balan?,81102253,19,5,2023,Not Found
Tr1142,"Gol Bolinha, Gol Quadrado 2",11956641,1,6,2023,https://i.scdn.co/image/ab67616d0000b27319d60821e80a801506061776
Tr1143,Without Me,1687664027,1,1,2002,https://i.scdn.co/image/ab67616d0000b2736ca5c90113b30c3c43ffb8f4
Tr1144,QUEMA,11599388,13,7,2023,Not Found
Tr1145,Stargirl Interlude,611700552,24,11,2016,https://i.scdn.co/image/ab67616d0000b273a048415db06a5b6fa7ec4e1a
Tr1146,Ojitos Lindos,1133865788,6,5,2022,Not Found
Tr1147,Somewhere Only We Know,1089402494,1,1,2004,https://i.scdn.co/image/ab67616d0000b273045d0a38105fbe7bde43c490
Tr1148,Those Eyes,411747614,10,5,2019,https://i.scdn.co/image/ab67616d0000b2731bb5dc21200bfc56d8f7ef41
Tr1149,El Gordo Trae El Mando,255932395,27,1,2023,https://i.scdn.co/image/ab67616d0000b2736a6ab689151163a1e9f60f36
Tr1150,Mi Bello Angel,31873544,30,6,2023,https://i.scdn.co/image/ab67616d0000b273e2e093427065eaca9e2f2970
Tr1151,Bye,95053634,26,5,2023,https://i.scdn.co/image/ab67616d0000b27310c8a001a18fd9f1b3552a9d
Tr1152,Danza Kuduro,1279434863,1,1,2010,https://i.scdn.co/image/ab67616d0000b2734640a26eb27649006be29a94
Tr1153,Nosso Quadro,233801632,2,2,2023,Not Found
Tr1154,Locked Out Of Heaven,1481349984,5,12,2012,https://i.scdn.co/image/ab67616d0000b273926f43e7cce571e62720fd46
Tr1155,Un Finde | CROSSOVER #2,142095275,4,4,2023,Not Found
Tr1156,Jimmy Cooks (feat. 21 Savage),618885532,17,6,2022,https://i.scdn.co/image/ab67616d0000b2738dc0d801766a5aa6a33cbe37
Tr1157,Counting Stars,2011464183,1,1,2013,https://i.scdn.co/image/ab67616d0000b2739e2f95ae77cf436017ada9cb
Tr1158,Ghost,1167330737,19,3,2021,https://i.scdn.co/image/ab67616d0000b273e6f407c7f3a0ec98845e4431
Tr1159,Under The Influence,929964809,4,10,2019,https://i.scdn.co/image/ab67616d0000b2739a494f7d8909a6cc4ceb74ac
Tr1160,PRC,436027885,23,1,2023,Not Found
Tr1161,Gasolina,657723613,13,7,2004,https://i.scdn.co/image/ab67616d0000b2736bdcdf82ecce36bff808a40c
Tr1162,One Dance,2713922350,4,4,2016,https://i.scdn.co/image/ab67616d0000b2739416ed64daf84936d89e671c
Tr1163,Enchanted,621660989,1,1,2010,https://i.scdn.co/image/ab67616d0000b2730b04da4f224b51ff86e0a481
Tr1164,Save Your Tears,1591223784,20,3,2020,https://i.scdn.co/image/ab67616d0000b2738863bc11d2aa12b54f5aeb36
Tr1165,Sure Thing,950906471,25,5,2010,https://i.scdn.co/image/ab67616d0000b273d5a8395b0d80b8c48a5d851c
Tr1166,Every Breath You Take - Remastered 2003,1593270737,6,1,1983,https://i.scdn.co/image/ab67616d0000b2730408dc279dd7c7354ff41014
Tr1167,The Night We Met,1410088830,2,2,2015,https://i.scdn.co/image/ab67616d0000b2739d2efe43d5b7ebc7cb60ca81
Tr1168,We Found Love,1235005533,1,1,2011,https://i.scdn.co/image/ab67616d0000b273bef074de9ca825bddaeb9f46
Tr1169,When I Was Your Man,1661187319,5,12,2012,https://i.scdn.co/image/ab67616d0000b273926f43e7cce571e62720fd46
Tr1170,Let Me Down Slowly,1374581173,25,5,2018,https://i.scdn.co/image/ab67616d0000b273459d675aa0b6f3b211357370
Tr1171,"Am I Dreaming (Metro Boomin & A$AP Rocky, Roisee)",94186466,2,6,2023,https://i.scdn.co/image/ab67616d0000b2736ed9aef791159496b286179f
Tr1172,Do I Wanna Know?,1788326445,1,1,2013,https://i.scdn.co/image/ab67616d0000b2734ae1c4c5c45aabe565499163
Tr1173,Demons,1840364617,1,1,2012,https://i.scdn.co/image/ab67616d0000b273b2b2747c89d2157b0b29fb6a
Tr1174,Reminder,684675814,25,11,2016,https://i.scdn.co/image/ab67616d0000b2734718e2b124f79258be7bc452
Tr1175,Shake It Off,1113838873,1,1,2014,https://i.scdn.co/image/ab67616d0000b2739abdf14e6058bd3903686148
Tr1176,Why'd You Only Call Me When You're High?,1267333350,1,1,2013,Not Found
Tr1177,SNAP,726307468,19,3,2022,https://i.scdn.co/image/ab67616d0000b2731391b1fdb63da53e5b112224
Tr1178,Shape of You,3562543890,6,1,2017,https://i.scdn.co/image/ab67616d0000b273ba5db46f4b838ef6027e6f96
Tr1179,Night Changes,1131090940,17,11,2014,https://i.scdn.co/image/ab67616d0000b273d304ba2d71de306812eebaf4
Tr1180,Fin de Semana,307370144,13,1,2023,https://i.scdn.co/image/ab67616d0000b2739b7e1ea3815a172019bc5e56
Tr1181,Creep,1271293243,21,9,1992,https://i.scdn.co/image/ab67616d0000b273df55e326ed144ab4f5cecf95
Tr1182,Car's Outside,265882712,18,10,2019,https://i.scdn.co/image/ab67616d0000b273dc16d839ab77c64bdbeb3660
Tr1183,Apocalypse,841749534,21,3,2017,https://i.scdn.co/image/ab67616d0000b27312b69bf576f5e80291f75161
Tr1184,Cheques,47956378,19,5,2023,https://i.scdn.co/image/ab67616d0000b2731a8c4618eda885a406958dd0
Tr1185,Pink + White,806397070,20,8,2016,https://i.scdn.co/image/ab67616d0000b273c5649add07ed3720be9d5526
Tr1186,Circles,2132335812,30,8,2019,https://i.scdn.co/image/ab67616d0000b2739478c87599550dd73bfa7e02
Tr1187,Just The Way You Are,1641426668,1,1,2010,https://i.scdn.co/image/ab67616d0000b273f6b55ca93bd33211227b502b
Tr1188,Take Me To Church,2135158446,13,9,2013,https://i.scdn.co/image/ab67616d0000b2734ca68d59a4a29c856a4a39c2
Tr1189,Bebe Dame,367316268,16,12,2022,https://i.scdn.co/image/ab67616d0000b2735f3aef5159749e4b61686670
Tr1190,You Belong With Me (Taylor?s Ve,350381515,9,4,2021,Not Found
Tr1191,Titi Me Pregunt?,1264310836,6,5,2022,Not Found
Tr1192,Better Than Revenge (Taylor's Version),30343206,7,7,2023,https://i.scdn.co/image/ab67616d0000b2730b04da4f224b51ff86e0a481
Tr1193,Shut up My Moms Calling,405136812,10,2,2020,https://i.scdn.co/image/ab67616d0000b273350ab7a839c04bfd5225a9f5
Tr1194,Have You Ever Seen The Rain?,1145727611,1,7,1968,https://i.scdn.co/image/ab67616d0000b27351f311c2fb06ad2789e3ff91
Tr1195,Es un Secreto,540654286,20,7,2010,https://i.scdn.co/image/ab67616d0000b273913ef74e0272d688c512200b
Tr1196,POLARIS - Remix,57312735,8,6,2023,Not Found
Tr1197,Ditto,397582059,19,12,2022,https://i.scdn.co/image/ab67616d0000b273edf5b257be1d6593e81bb45f
Tr1198,Take On Me,1479115056,19,10,1984,https://i.scdn.co/image/ab67616d0000b273e8dd4db47e7177c63b0b7d53
Tr1199,"Annihilate (Spider-Man: Across the Spider-Verse) (Metro Boomin & Swae Lee, Lil Wayne, Offset)",86773632,2,6,2023,https://i.scdn.co/image/ab67616d0000b2736ed9aef791159496b286179f
Tr1200,"Angel Pt 1 (feat. Jimin of BTS, JVKE & Muni Long)",133753727,1,5,2023,https://i.scdn.co/image/ab67616d0000b273445afb6341d2685b959251cc
Tr1201,Acr?s,123124076,11,5,2023,Not Found
Tr1202,AMG,463564958,24,11,2022,https://i.scdn.co/image/ab67616d0000b273fbf10e7799f39fbcd301e55a
Tr1203,"Phir Aur Kya Chahiye (From ""Zara Hatke Zara Bachke"")",64533040,15,5,2023,Not Found
Tr1204,S-Class,65496046,2,6,2023,https://i.scdn.co/image/ab67616d0000b273e27ba26bc14a563bf3d09882
Tr1205,Hits Different,68616963,26,5,2023,https://i.scdn.co/image/ab67616d0000b273fa747621a53c8e2cc436dee0
Tr1206,Chanel,161460990,30,3,2023,https://i.scdn.co/image/ab67616d0000b273c3bb167f0e78b15e5588c296
Tr1207,Self Love (Spider-Man: Across the Spider-Verse) (Metro Boomin & Coi Leray),70106975,2,6,2023,https://i.scdn.co/image/ab67616d0000b2736ed9aef791159496b286179f
Tr1208,Area Codes,113509496,17,3,2023,https://i.scdn.co/image/ab67616d0000b2733eecc265c134153c14794aab
Tr1209,Abcdario,89933133,13,5,2023,Not Found
Tr1210,Obsessed,71007139,29,9,2022,Not Found
Tr1211,Pi?man De?,43522589,2,6,2023,Not Found
Tr1212,FLOWER,232896922,31,3,2023,https://i.scdn.co/image/ab67616d0000b273f35b8a6c03cc633f734bd8ac
Tr1213,"All The Way Live (Spider-Man: Across the Spider-Verse) (Metro Boomin & Future, Lil Uzi Vert)",37126685,2,6,2023,https://i.scdn.co/image/ab67616d0000b2736ed9aef791159496b286179f
Tr1214,Eyes Closed,195576623,23,3,2023,https://i.scdn.co/image/ab67616d0000b273a0aea3805ed6a87aa394c796
Tr1215,Escapism.,532336353,12,10,2022,https://i.scdn.co/image/ab67616d0000b27394e5237ce925531dbb38e75f
Tr1216,La Jumpa,538115192,30,11,2022,https://i.scdn.co/image/ab67616d0000b27330326b23e30ae93d4d48165b
Tr1217,Karma (feat. Ice Spice),46142772,26,5,2023,https://i.scdn.co/image/ab67616d0000b273fa747621a53c8e2cc436dee0
Tr1218,Superhero (Heroes & Villains) [with Future & Chris Brown],401036314,2,12,2022,https://i.scdn.co/image/ab67616d0000b27313e54d6687e65678d60466c2
Tr1219,Las Morras,127026613,4,4,2023,Not Found
Tr1220,CHORRITO PA LAS ANIMAS,345031710,2,12,2022,https://i.scdn.co/image/ab67616d0000b2737cc7b0d6a82846cd8b158f99
Tr1221,Ch y la Pizza,288101651,1,12,2022,https://i.scdn.co/image/ab67616d0000b273cdbbe3160616f7c85e2eb2c8
Tr1222,Snow On The Beach (feat. More Lana Del Rey),60350538,26,5,2023,Not Found
Tr1223,Players,335074782,30,11,2022,https://i.scdn.co/image/ab67616d0000b2731cf7cf4446b496525e423465
Tr1224,Bite Me,76767396,22,5,2023,https://i.scdn.co/image/ab67616d0000b2731d03b5e88cee6870778a4d27
Tr1225,Stand By Me (feat. Morgan Wallen),46065667,26,5,2023,https://i.scdn.co/image/ab67616d0000b2736234c2c6d4bb935839ac4719
Tr1226,Normal,459276435,8,7,2022,https://i.scdn.co/image/ab67616d0000b273b764865b38a71f70dfd0dbcb
Tr1227,Hummingbird (Metro Boomin & James Blake),39666245,2,6,2023,https://i.scdn.co/image/ab67616d0000b2736ed9aef791159496b286179f
Tr1228,Seu Brilho Sumiu - Ao Vivo,138517666,1,3,2023,https://i.scdn.co/image/ab67616d0000b2736ccbcc3358d31dcba6e7c035
Tr1229,Bad Habit,822633917,29,6,2022,https://i.scdn.co/image/ab67616d0000b27368968350c2550e36d96344ee
Tr1230,CUFF IT,595900742,29,7,2022,Not Found
Tr1231,Lilith (feat. SUGA of BTS) (Diablo IV Anthem),51985779,5,6,2023,https://i.scdn.co/image/ab67616d0000b273f19310c007c0fad365b0542e
Tr1232,69,57945987,18,5,2023,https://i.scdn.co/image/ab67616d0000b273ea97d86f1fa8532cd8c75188
Tr1233,Ni?a Bo,115010040,21,4,2023,Not Found
Tr1234,Search & Rescue,175097833,7,4,2023,https://i.scdn.co/image/ab67616d0000b273cace8a4b2ff924c9e12e3a96
Tr1235,AMERICA HAS A PROBLEM (feat. Kendrick Lamar),57089066,19,5,2023,Not Found
Tr1236,Lavender Haze,488386797,21,10,2022,https://i.scdn.co/image/ab67616d0000b273bb54dde68cd23e2a268ae0f5
Tr1237,"Link Up (Metro Boomin & Don Toliver, Wizkid feat. BEAM & Toian) - Spider-Verse Remix (Spider-Man: Across the Spider-Verse )",32761689,2,6,2023,https://i.scdn.co/image/ab67616d0000b2736ed9aef791159496b286179f
Tr1238,Efecto,1047480053,6,5,2022,https://i.scdn.co/image/ab67616d0000b27349d694203245f241a1bcaa72
Tr1239,Erro Gostoso - Ao Vivo,153454328,27,1,2023,https://i.scdn.co/image/ab67616d0000b2735559a80512e3986640b0140d
Tr1240,Cupido,217672943,14,2,2023,https://i.scdn.co/image/ab67616d0000b273f5409c637b9a7244e0c0d11d
Tr1241,Just Wanna Rock,457184829,17,10,2022,https://i.scdn.co/image/ab67616d0000b273438799bc344744c12028bb0f
Tr1242,Unstoppable,939844851,21,1,2016,https://i.scdn.co/image/ab67616d0000b273754b2fddebe7039fdb912837
Tr1243,Until I Found You,726434358,1,9,2021,https://i.scdn.co/image/ab67616d0000b2732bf0876d42b90a8852ad6244
Tr1244,Rich Flex,573633020,4,11,2022,https://i.scdn.co/image/ab67616d0000b27302854a7060fccc1a66a4b5ad
Tr1245,Easy On Me,1406111294,14,10,2021,https://i.scdn.co/image/ab67616d0000b27350dba34377a595e35f81b0e4
Tr1246,Cart?o B,71573339,11,5,2023,Not Found
Tr1247,Danger (Spider) (Offset & JID),24975653,2,6,2023,https://i.scdn.co/image/ab67616d0000b2736ed9aef791159496b286179f
Tr1248,Oi Balde - Ao Vivo,145458418,14,2,2023,Not Found
Tr1249,The Real Slim Shady,1424589568,1,1,2000,https://i.scdn.co/image/ab67616d0000b273dbb3dd82da45b7d7f31b1b42
Tr1250,MERCHO,231332117,16,12,2022,Not Found
Tr1251,The Color Violet,415932686,10,12,2021,https://i.scdn.co/image/ab67616d0000b2730c5f23cbf0b1ab7e37d0dc67
Tr1252,Glimpse of Us,988515741,10,6,2022,https://i.scdn.co/image/ab67616d0000b27308596cc28b9f5b00bfe08ae7
Tr1253,Mejor Que Yo,50847624,4,5,2023,Not Found
Tr1254,Curtains,39893489,5,5,2023,https://i.scdn.co/image/ab67616d0000b273a0aea3805ed6a87aa394c796
Tr1255,UNFORGIVEN (feat. Nile Rodgers),92035115,1,5,2023,Not Found
Tr1256,Haegeum,118810253,21,4,2023,https://i.scdn.co/image/ab67616d0000b273fa9247b68471b82d2125651e
Tr1257,Conex?es de M?fia (feat. Rich ,77233241,30,4,2023,Not Found
Tr1258,MIENTRAS ME CURO DEL CORA,206399629,24,2,2023,https://i.scdn.co/image/ab67616d0000b27382de1ca074ae63cb18fce335
Tr1259,Never Felt So Alone,117747907,7,4,2023,https://i.scdn.co/image/ab67616d0000b2737dda6cb97a57f116f6fbf0be
Tr1260,X SI VOLVEMOS,266624541,2,2,2023,https://i.scdn.co/image/ab67616d0000b27382de1ca074ae63cb18fce335
Tr1261,ceilings,293186992,8,4,2022,https://i.scdn.co/image/ab67616d0000b273d370fdc4dbc47778b9b667c3
Tr1262,Cupid,139681964,24,2,2023,https://i.scdn.co/image/ab67616d0000b27337c0b3670236c067c8e8bbcb
Tr1263,I AM,123132751,10,4,2023,https://i.scdn.co/image/ab67616d0000b27325ef3cec1eceefd4db2f91c8
Tr1264,Cupid ? Twin Ver. (FIFTY FIFTY) ? Spe,103762518,1,1,1997,Not Found
Tr1265,Shorty Party,162887075,4,3,2023,https://i.scdn.co/image/ab67616d0000b273608e249e118a39e897f149ce
Tr1266,Super,91221625,24,4,2023,https://i.scdn.co/image/ab67616d0000b27380e31ba0c05187e6310ef264
Tr1267,Slut Me Out,190490915,22,4,2022,https://i.scdn.co/image/ab67616d0000b27349a4f6c9a637e02252a0076d
Tr1268,Double Fantasy (with Future),96180277,21,4,2023,https://i.scdn.co/image/ab67616d0000b273c7d6fe09dfe4af1580e59705
Tr1269,All Of The Girls You Loved Before,185240616,23,8,2019,https://i.scdn.co/image/ab67616d0000b2738481d8f15859aa5bae75ee17
Tr1270,PROVENZA,885093467,21,4,2022,https://i.scdn.co/image/ab67616d0000b27382de1ca074ae63cb18fce335
Tr1271,Princess Diana (with Nicki Minaj),104992946,14,4,2023,Not Found
Tr1272,Di Que Si,147290338,3,2,2023,https://i.scdn.co/image/ab67616d0000b273aab35973ece2916fb24244fe
Tr1273,Shivers,1302184087,9,9,2021,https://i.scdn.co/image/ab67616d0000b273ef24c3fdbf856340d55cfeb2
Tr1274,Igualito a Mi Ap?,158950978,30,12,2022,Not Found
Tr1275,Shoong! (feat. LISA of BLACKPINK),76910644,25,4,2023,https://i.scdn.co/image/ab67616d0000b27346313223adf2b6d726388328
Tr1276,Komang,137123880,16,8,2022,https://i.scdn.co/image/ab67616d0000b273f20ec6ba1f431a90dbf2e8b6
Tr1277,DESPECH?,782369383,28,7,2022,Not Found
Tr1278,Made You Look,502574952,21,10,2022,https://i.scdn.co/image/ab67616d0000b2731a4f1ada93881da4ca8060ff
Tr1279,Watch This - ARIZONATEARS Pluggnb Remix,207033255,5,2,2023,Not Found
Tr1280,No Se Va,404887295,28,4,2022,https://i.scdn.co/image/ab67616d0000b273042b5cc9a1a0a97cfc005ee8
Tr1281,Punto G,381161027,4,11,2022,https://i.scdn.co/image/ab67616d0000b273efc1b8f6beda4abe848a84e0
Tr1282,Lovers Rock,466231982,5,6,2014,https://i.scdn.co/image/ab67616d0000b273e1bc1af856b42dd7fdba9f84
Tr1283,METAMORPHOSIS,357580552,25,11,2021,https://i.scdn.co/image/ab67616d0000b273b852a616ae3a49a1f6b0f16e
Tr1284,Mami Chula,61105704,27,4,2023,Not Found
Tr1285,En Paris,198275403,24,12,2022,https://i.scdn.co/image/ab67616d0000b27354c372ef8e7b53bb3c932ac5
Tr1286,Set Me Free Pt.2,168448603,17,3,2023,https://i.scdn.co/image/ab67616d0000b2734f4ec2c2a865569bd4a067a4
Tr1287,I Was Never There,705469769,29,3,2018,https://i.scdn.co/image/ab67616d0000b2731f6a2a40bb692936879db730
Tr1288,Don't ever say love me (feat. RM of BTS),34502215,4,5,2023,Not Found
Tr1289,Shut Down,482175240,16,9,2022,https://i.scdn.co/image/ab67616d0000b273002ef53878df1b4e91c15406
Tr1290,Gato de Noche,304118600,22,12,2022,https://i.scdn.co/image/ab67616d0000b273ed132404686f567c8f793058
Tr1291,Call Out My Name,1449799467,29,3,2018,https://i.scdn.co/image/ab67616d0000b2731f6a2a40bb692936879db730
Tr1292,Like Crazy (English Version),173627354,24,3,2023,https://i.scdn.co/image/ab67616d0000b2732b46078245d0120690eb560d
Tr1293,Rosa Pastel,90025258,2,2,2023,Not Found
Tr1294,Sunroof,652704649,3,12,2021,https://i.scdn.co/image/ab67616d0000b273ecd970d1d2623b6c7fc6080c
Tr1295,Lose Yourself - Soundtrack Version,1829992958,1,1,2002,Not Found
Tr1296,Superman,655466831,26,5,2002,https://i.scdn.co/image/ab67616d0000b2736ca5c90113b30c3c43ffb8f4
Tr1297,Mas Rica Que Ayer,146409671,2,3,2023,Not Found
Tr1298,People Pt.2 (feat. IU),95816024,7,4,2023,Not Found
Tr1299,REMIX EXCLUSIVO,117206995,17,3,2023,https://i.scdn.co/image/ab67616d0000b273adf20f92c3153248fd7aac9e
Tr1300,"Arc?ngel: Bzrp Music Sessions, Vol",100409613,22,3,2023,Not Found
Tr1301,DOGTOOTH,80758350,27,3,2023,https://i.scdn.co/image/ab67616d0000b273aa95a399fd30fbb4f6f59fca
Tr1302,10:35,325592432,1,11,2022,Not Found
Tr1303,SORRY NOT SORRY,58473276,31,3,2023,Not Found
Tr1304,HAPPY,52722996,25,3,2023,https://i.scdn.co/image/ab67616d0000b273ff8a4276b3be31c839557439
Tr1305,La Bebe,191945597,24,12,2021,https://i.scdn.co/image/ab67616d0000b273a04be3ad7c8c67f4109111a9
Tr1306,I Know - PR1SVX Edit,77377503,24,3,2023,https://i.scdn.co/image/ab67616d0000b273efae10889cd442784f3acd3d
Tr1307,Late Night Talking,743693613,20,5,2022,https://i.scdn.co/image/ab67616d0000b2732e8ed79e177ff6011076f5f0
Tr1308,Le?,267789608,9,12,2022,Not Found
Tr1309,Save Your Tears (with Ariana Grande) (Remix),1221813483,20,3,2020,Not Found
Tr1310,Something in the Orange,449701773,22,4,2022,https://i.scdn.co/image/ab67616d0000b273b2b6670e3aca9bcd55fbabbb
Tr1311,VOID,67070410,29,3,2023,https://i.scdn.co/image/ab67616d0000b2733c6c534cdacc9cf53e6d2977
Tr1312,Dijeron Que No La Iba Lograr,116334601,14,3,2023,Not Found
Tr1313,Midnight Rain,433356509,21,10,2022,https://i.scdn.co/image/ab67616d0000b273bb54dde68cd23e2a268ae0f5
Tr1314,If We Ever Broke Up,165584767,10,2,2023,https://i.scdn.co/image/ab67616d0000b273918207ec2316cec13a0e036f
Tr1315,You Proof,367814306,13,5,2022,https://i.scdn.co/image/ab67616d0000b273705079df9a25a28b452c1fc9
Tr1316,LA INOCENTE,477033549,1,4,2022,Not Found
Tr1317,Malas Decisiones,156214700,26,10,2022,https://i.scdn.co/image/ab67616d0000b2739afe5698b0a9559dabc44ac8
Tr1318,Murder In My Mind,448843705,21,1,2022,https://i.scdn.co/image/ab67616d0000b2731440ffaa43c53d65719e0150
Tr1319,Gangsta's Paradise,1357608774,11,7,1995,https://i.scdn.co/image/ab67616d0000b273c31d3c870a3dbaf7b53186cc
Tr1320,CAIRO,294352144,13,11,2022,https://i.scdn.co/image/ab67616d0000b27382de1ca074ae63cb18fce335
Tr1321,I Love You So,972164968,28,11,2014,https://i.scdn.co/image/ab67616d0000b2739214ff0109a0e062f8a6cf0f
Tr1322,Dark Red,920045682,20,2,2017,https://i.scdn.co/image/ab67616d0000b2733d2dfa42f771cd458b194979
Tr1323,Say You Won't Let Go,2420461338,9,9,2016,https://i.scdn.co/image/ab67616d0000b27320beb61f61fcbeb33b10a9ab
Tr1324,The Hills,1947371785,27,5,2015,https://i.scdn.co/image/ab67616d0000b2737fcead687e99583072cc217b
Tr1325,Heart To Heart,244658767,10,5,2019,https://i.scdn.co/image/ab67616d0000b273fa1323bb50728c7489980672
Tr1326,Peaches (from The Super Mario Bros. Movie),68216992,7,4,2023,Not Found
Tr1327,Marisola - Remix,223582566,15,12,2022,Not Found
Tr1328,LOKERA,471819764,25,7,2022,Not Found
Tr1329,Low,272377463,9,12,2022,https://i.scdn.co/image/ab67616d0000b27370dbc9f47669d120ad874ec1
Tr1330,Numb,1361425037,24,3,2003,https://i.scdn.co/image/ab67616d0000b273b4ad7ebaf4575f120eb3f193
Tr1331,Tormenta (feat. Bad Bunny),149778242,24,2,2023,https://i.scdn.co/image/ab67616d0000b2734b0ddebba0d5b34f2a2f07a4
Tr1332,on the street (with J. Cole),116599790,3,3,2023,https://i.scdn.co/image/ab67616d0000b2735e8286ff63f7efce1881a02b
Tr1333,One Thing At A Time,148469433,2,12,2022,https://i.scdn.co/image/ab67616d0000b273705079df9a25a28b452c1fc9
Tr1334,Miss You,497225336,5,8,2022,Not Found
Tr1335,Ain?t Tha,88791109,3,3,2023,Not Found
Tr1336,Thinkin? B,125917280,3,3,2023,Not Found
Tr1337,Private Landing (feat. Justin Bieber & Future),105062254,23,2,2023,https://i.scdn.co/image/ab67616d0000b273feeff698e6090e6b02f21ec0
Tr1338,Everything I Love,95623148,31,1,2023,https://i.scdn.co/image/ab67616d0000b273705079df9a25a28b452c1fc9
Tr1339,Heaven,144584800,17,2,2023,https://i.scdn.co/image/ab67616d0000b2732a368fea49f5c489a9dc3949
Tr1340,LET GO,298063749,15,12,2022,https://i.scdn.co/image/ab67616d0000b273cbb3701743a568e7f1c4e967
Tr1341,Sial,166570053,23,1,2023,https://i.scdn.co/image/ab67616d0000b2732f7bb02cb4b74bd7c2406428
Tr1342,I Wrote The Book,83021468,31,1,2023,https://i.scdn.co/image/ab67616d0000b273705079df9a25a28b452c1fc9
Tr1343,"Apna Bana Le (From ""Bhediya"")",139836056,5,11,2022,Not Found
Tr1344,SPIT IN MY FACE!,303216294,31,10,2022,https://i.scdn.co/image/ab67616d0000b27360ddc59c8d590a37cf2348f3
Tr1345,PLAYA DEL INGL?,221409663,15,12,2022,Not Found
Tr1346,Man Made A Bar (feat. Eric Church),58890931,3,3,2023,https://i.scdn.co/image/ab67616d0000b273705079df9a25a28b452c1fc9
Tr1347,Red Ruby Da Sleeze,81419389,3,3,2023,https://i.scdn.co/image/ab67616d0000b273064c51559ea4a86bd557a86f
Tr1348,Kahani Suno 2.0,156777415,31,5,2022,https://i.scdn.co/image/ab67616d0000b2734697d4ee22b3f63c17a3b9ec
Tr1349,Nobody Gets Me,284908316,9,12,2022,https://i.scdn.co/image/ab67616d0000b27370dbc9f47669d120ad874ec1
Tr1350,PERO T?,93438910,23,2,2023,Not Found
Tr1351,Hype Boy,363472647,1,8,2022,https://i.scdn.co/image/ab67616d0000b2739d28fd01859073a3ae6ea209
Tr1352,Bloody Mary,372476382,1,1,2011,https://i.scdn.co/image/ab67616d0000b273a47c0e156ea3cebe37fdcab8
Tr1353,Monoton?,380726517,19,10,2022,Not Found
Tr1354,?98 Braves,56533272,3,3,2023,Not Found
Tr1355,WANDA,175399345,20,1,2023,https://i.scdn.co/image/ab67616d0000b273efc1b8f6beda4abe848a84e0
Tr1356,Thought You Should Know,203221468,6,5,2022,https://i.scdn.co/image/ab67616d0000b273705079df9a25a28b452c1fc9
Tr1357,In The End,1624165576,24,10,2000,https://i.scdn.co/image/ab67616d0000b273e2f039481babe23658fc719a
Tr1358,Zona De Perigo,134294498,8,12,2022,https://i.scdn.co/image/ab67616d0000b2737fc5a85369c7df7f5f63efa3
Tr1359,Lovezinho,70069745,28,7,2022,Not Found
Tr1360,I Like You (A Happier Song) (with Doja Cat),609293408,3,6,2022,https://i.scdn.co/image/ab67616d0000b27334362676667a4322838ccc97
Tr1361,Neverita,671365962,6,5,2022,https://i.scdn.co/image/ab67616d0000b27349d694203245f241a1bcaa72
Tr1362,Vista Al Mar,362361576,8,9,2022,https://i.scdn.co/image/ab67616d0000b273efc1b8f6beda4abe848a84e0
Tr1363,Sem Alian?a no ,93587665,23,12,2022,Not Found
Tr1364,Enemy (with JID) - from the series Arcane League of Legends,1223481149,3,9,2021,https://i.scdn.co/image/ab67616d0000b273fc915b69600dce2991a61f13
Tr1365,Revenge,1022258230,25,8,2017,https://i.scdn.co/image/ab67616d0000b273203c89bd4391468eea4cc3f5
Tr1366,Bombonzinho - Ao Vivo,263453310,3,11,2022,https://i.scdn.co/image/ab67616d0000b2736ccbcc3358d31dcba6e7c035
Tr1367,LA CANCI?,1435127549,28,6,2019,Not Found
Tr1368,Qu? Ago,236857112,20,10,2022,Not Found
Tr1369,Love Again,147538971,27,1,2023,https://i.scdn.co/image/ab67616d0000b273a53643fc03785efb9926443d
Tr1370,After Hours,698086140,19,2,2020,https://i.scdn.co/image/ab67616d0000b27360884bc925e0ca47e8006996
Tr1371,About Damn Time,723894473,15,7,2022,https://i.scdn.co/image/ab67616d0000b273b817e721691aff3d67f26c04
Tr1372,Born With A Beer In My Hand,34450974,3,3,2023,https://i.scdn.co/image/ab67616d0000b273705079df9a25a28b452c1fc9
Tr1373,?,403097450,20,5,2020,Not Found
Tr1374,Besos Moja2,309483971,29,9,2022,https://i.scdn.co/image/ab67616d0000b2739f05bb270f81880fd844aae8
Tr1375,Maan Meri Jaan,319566866,12,10,2022,https://i.scdn.co/image/ab67616d0000b27337f65266754703fd20d29854
Tr1376,Moscow Mule,909001996,6,5,2022,https://i.scdn.co/image/ab67616d0000b27349d694203245f241a1bcaa72
Tr1377,My Universe,1061966512,24,9,2021,https://i.scdn.co/image/ab67616d0000b273f60a9b7e2abafc38da31f575
Tr1378,Devil Don?,32526947,3,3,2023,Not Found
Tr1379,LLYLM,124988687,27,1,2023,https://i.scdn.co/image/ab67616d0000b273b175e5feb05c6c28cc08ab62
Tr1380,I'm Not Here To Make Friends,103787664,27,1,2023,Not Found
Tr1381,TRUSTFALL,134255790,27,1,2023,https://i.scdn.co/image/ab67616d0000b27302f93e92bdd5b3793eb688c0
Tr1382,ANTIFRAGILE,301051721,17,10,2022,https://i.scdn.co/image/ab67616d0000b273a991995542d50a691b9ae5be
Tr1383,Boy's a liar,156338624,30,11,2022,https://i.scdn.co/image/ab67616d0000b27342c5ba689b2e7cbc208a8fa7
Tr1384,VIBE (feat. Jimin of BTS),152850295,13,1,2023,https://i.scdn.co/image/ab67616d0000b27346313223adf2b6d726388328
Tr1385,Shirt,309653982,28,10,2022,https://i.scdn.co/image/ab67616d0000b27370dbc9f47669d120ad874ec1
Tr1386,Lift Me Up - From Black Panther: Wakanda Forever - Music From and Inspired By,297328960,28,10,2022,https://i.scdn.co/image/ab67616d0000b273a790c56cff6e3463bf9935cb
Tr1387,STAR WALKIN' (League of Legends Worlds Anthem),332506354,22,9,2022,https://i.scdn.co/image/ab67616d0000b27304cd9a1664fb4539a55643fe
Tr1388,"Sex, Drugs, Etc.",480507035,4,11,2016,https://i.scdn.co/image/ab67616d0000b273a03e3d24ccee1c370899c342
Tr1389,Boy With Luv (feat. Halsey),1065580332,12,4,2019,Not Found
Tr1390,"Hey, Mickey!",122763672,27,9,2016,https://i.scdn.co/image/ab67616d0000b2732571034f34b381958f8cc727
Tr1391,Calm Down,445763624,9,2,2022,Not Found
Tr1392,Jhoome Jo Pathaan,1365184,22,12,2022,Not Found
Tr1393,Escapism. - Sped Up,184308753,25,11,2022,https://i.scdn.co/image/ab67616d0000b273e38f6d02f1e76fe09009e64e
Tr1394,Space Song,789753877,1,1,2015,https://i.scdn.co/image/ab67616d0000b2739b7190e673e46271b2754aab
Tr1395,Dreamers [Music from the FIFA World Cup Qatar 2022 Official Soundtrack],323358833,20,11,2022,Not Found
Tr1396,Te Felicito,606361689,21,4,2022,https://i.scdn.co/image/ab67616d0000b2739a9716c90ceeb1890921e44f
Tr1397,Mu?,120972253,12,1,2023,Not Found
Tr1398,TV,338564981,21,7,2022,https://i.scdn.co/image/ab67616d0000b2737a4781629469bb83356cd318
Tr1399,I'm Not The Only One,1606986953,1,1,2014,Not Found
Tr1400,Heather,1301799902,20,3,2020,https://i.scdn.co/image/ab67616d0000b27388e3cda6d29b2552d4d6bc43
Tr1401,"Besharam Rang (From ""Pathaan"")",140187018,12,12,2022,Not Found
Tr1402,One Kiss (with Dua Lipa),1897517891,2,6,2017,https://i.scdn.co/image/ab67616d0000b273d09f96d82310d4d77c14c108
Tr1403,Sugar Rush Ride,107642809,27,1,2023,https://i.scdn.co/image/ab67616d0000b2733bb056e3160b85ee86c1194d
Tr1404,Pink Venom,551305895,19,8,2022,https://i.scdn.co/image/ab67616d0000b273002ef53878df1b4e91c15406
Tr1405,WAIT FOR U (feat. Drake & Tems),556585270,27,4,2022,https://i.scdn.co/image/ab67616d0000b27386badd635b69aea887862214
Tr1406,Don't Start Now,2303033973,31,10,2019,https://i.scdn.co/image/ab67616d0000b27368cd91e1d8cbabf23d332041
Tr1407,After Dark,646886885,8,8,2014,https://i.scdn.co/image/ab67616d0000b273b492477206075438e0751176
Tr1408,Eu Gosto Assim - Ao Vivo,222612678,16,9,2022,https://i.scdn.co/image/ab67616d0000b27319bb2fb697a42c1084d71f6c
Tr1409,INDUSTRY BABY (feat. Jack Harlow),1814349763,23,7,2021,Not Found
Tr1410,MIDDLE OF THE NIGHT,872137015,10,1,2020,Not Found
Tr1411,Atlantis,571386359,22,4,2015,https://i.scdn.co/image/ab67616d0000b2738c33272a7c77042f5eb39d75
Tr1412,PUNTO 40,304079786,22,9,2022,Not Found
Tr1413,Evoque Prata,174006928,9,9,2022,https://i.scdn.co/image/ab67616d0000b273769f6572dfa10ee7827edbf2
Tr1414,How Do I Say Goodbye,284785823,5,8,2022,https://i.scdn.co/image/ab67616d0000b273bfedccaca3c8425fdc0a7c73
Tr1415,Blind,163284000,9,12,2022,https://i.scdn.co/image/ab67616d0000b27370dbc9f47669d120ad874ec1
Tr1416,Doja,482257456,20,7,2022,https://i.scdn.co/image/ab67616d0000b2733c7d945b6baf935e8a0ebdaa
Tr1417,Gatita,168684524,3,10,2022,https://i.scdn.co/image/ab67616d0000b273070c919f062e9fbfc03ca16b
Tr1418,Rumble,78489819,17,1,2022,https://i.scdn.co/image/ab67616d0000b273352f154c54727bc8024629bc
Tr1419,Niagara Falls (Foot or 2) [with Travis Scott & 21 Savage],195516622,2,12,2022,https://i.scdn.co/image/ab67616d0000b27313e54d6687e65678d60466c2
Tr1420,Yonaguni,1260594497,4,6,2021,https://i.scdn.co/image/ab67616d0000b27364afd6879102d03460bd3ad9
Tr1421,Super Freaky Girl,428685680,12,8,2022,https://i.scdn.co/image/ab67616d0000b273c2b3ab9829aefad24fa2c1bc
Tr1422,Running Up That Hill (A Deal With God),1024858327,16,9,1985,https://i.scdn.co/image/ab67616d0000b273ad08f4b38efbff0c0da0f252
Tr1423,Dream On,838586769,5,1,1973,https://i.scdn.co/image/ab67616d0000b273bbf0146981704a073405b6c2
Tr1424,Limbo,199386237,11,8,2022,https://i.scdn.co/image/ab67616d0000b27369b381d574b329409bd806e6
Tr1425,Where Are You Now,972509632,30,7,2021,https://i.scdn.co/image/ab67616d0000b2738d7a7f1855b04104ba59c18b
Tr1426,WORTH NOTHING,213438580,28,9,2022,https://i.scdn.co/image/ab67616d0000b273f5e2ffd88f07e55f34c361c8
Tr1427,Bad Habits,1555511105,3,9,2020,https://i.scdn.co/image/ab67616d0000b273ef24c3fdbf856340d55cfeb2
Tr1428,KICK BACK,210038833,12,10,2022,https://i.scdn.co/image/ab67616d0000b273303d8545fce8302841c39859
Tr1429,Evergreen (You Didn?t Deserve Me A,227918678,8,4,2022,Not Found
Tr1430,Good Days,826623384,24,12,2020,https://i.scdn.co/image/ab67616d0000b27370dbc9f47669d120ad874ec1
Tr1431,Levitating (feat. DaBaby),1802514301,27,3,2020,https://i.scdn.co/image/ab67616d0000b273d4daf28d55fe4197ede848be
Tr1432,Woman,1329090101,25,6,2021,https://i.scdn.co/image/ab67616d0000b273be841ba4bc24340152e3a79a
Tr1433,Shut up My Moms Calling - (Sped Up),181831132,14,9,2022,https://i.scdn.co/image/ab67616d0000b2737437083c2521a8c077b9cfd7
Tr1434,Ferrari,462791599,14,3,2022,https://i.scdn.co/image/ab67616d0000b2736cc861b5c9c7cdef61b010b4
Tr1435,"You're On Your Own, Kid",348647203,21,10,2022,https://i.scdn.co/image/ab67616d0000b2737dca066ca62e4ebb583b8058
Tr1436,"Kesariya (From ""Brahmastra"")",366599607,17,7,2022,Not Found
Tr1437,Agudo M?gi,90598517,1,1,1930,Not Found
Tr1438,Payphone,1479264469,1,1,2012,https://i.scdn.co/image/ab67616d0000b273ce7d499847da02a9cbd1c084
Tr1439,All I Want for Christmas Is You,1449779435,28,10,1994,https://i.scdn.co/image/ab67616d0000b2734246e3158421f5abb75abc4f
Tr1440,Last Christmas,1159176109,1,1,1984,https://i.scdn.co/image/ab67616d0000b273f2d2adaa21ad616df6241e7d
Tr1441,Rockin' Around The Christmas Tree,769213520,1,1,1958,https://i.scdn.co/image/ab67616d0000b2737845f74d6db14b400fa61cd3
Tr1442,Jingle Bell Rock,741301563,1,1,1957,https://i.scdn.co/image/ab67616d0000b273fd56f3c7a294f5cfe51c7b17
Tr1443,It's Beginning To Look A Lot Like Christmas,807561936,14,10,2011,Not Found
Tr1444,Santa Tell Me,834129063,13,12,2013,https://i.scdn.co/image/ab67616d0000b273fb704b7e832b40f08c14629c
Tr1445,It's the Most Wonderful Time of the Year,663832097,14,10,1963,https://i.scdn.co/image/ab67616d0000b27398073965947f92f1641b8356
Tr1446,Let It Snow! Let It Snow! Let It Snow!,446390129,16,11,1959,https://i.scdn.co/image/ab67616d0000b273e359bd02a639a4d01b8241ae
Tr1447,Snowman,690104769,1,1,2017,https://i.scdn.co/image/ab67616d0000b273d1410c1372fab1e516328fa8
Tr1448,Underneath the Tree,485285717,25,10,2013,https://i.scdn.co/image/ab67616d0000b273f54a315f1d2445791fe601a7
Tr1449,Feliz Navidad,520034544,1,11,1970,Not Found
Tr1450,Holly Jolly Christmas,476244795,14,10,2011,Not Found
Tr1451,Mistletoe,629173063,1,1,2011,https://i.scdn.co/image/ab67616d0000b273490aa128e07cd31504ae8f86
Tr1452,Sleigh Ride,404664135,22,11,1963,https://i.scdn.co/image/ab67616d0000b273adad4220d51bd720481d4be4
Tr1453,Seek & Destroy,98709329,9,12,2022,https://i.scdn.co/image/ab67616d0000b27370dbc9f47669d120ad874ec1
Tr1454,Love Language,110849052,9,12,2022,https://i.scdn.co/image/ab67616d0000b27370dbc9f47669d120ad874ec1
Tr1455,Happy Xmas (War Is Over),460492795,1,12,1971,https://i.scdn.co/image/ab67616d0000b273c63204be472d8bb88c41051d
Tr1456,Used (feat. Don Toliver),94005786,8,12,2022,https://i.scdn.co/image/ab67616d0000b27370dbc9f47669d120ad874ec1
Tr1457,A Holly Jolly Christmas - Single Version,395591396,1,1,1952,https://i.scdn.co/image/ab67616d0000b273b9b921f8a3b8f0b20f73cb98
Tr1458,The Christmas Song (Merry Christmas To You) - Remastered 1999,389771964,1,11,1946,https://i.scdn.co/image/ab67616d0000b273e02cc6524dcecb6608fee0b3
Tr1459,Wonderful Christmastime - Edited Version / Remastered 2011,403939487,16,11,1979,https://i.scdn.co/image/ab67616d0000b2733cef016d13d82873d45af84a
Tr1460,Do They Know It's Christmas? - 1984 Version,481697415,25,11,1984,https://i.scdn.co/image/ab67616d0000b273d549b09f0264901929eaa6e8
Tr1461,Ghost in the Machine (feat. Phoebe Bridgers),110073250,9,12,2022,Not Found
Tr1462,Special,88092256,9,12,2022,https://i.scdn.co/image/ab67616d0000b27370dbc9f47669d120ad874ec1
Tr1463,Merry Christmas Everyone,351636786,1,1,1984,https://i.scdn.co/image/ab67616d0000b273d962f3b4235f8c6429a829fb
Tr1464,SOS,73981293,9,12,2022,https://i.scdn.co/image/ab67616d0000b27370dbc9f47669d120ad874ec1
Tr1465,Open Arms (feat. Travis Scott),155653938,8,12,2022,https://i.scdn.co/image/ab67616d0000b27370dbc9f47669d120ad874ec1
Tr1466,White Christmas,395591396,1,1,1942,https://i.scdn.co/image/ab67616d0000b273481bb0db1e8bd0c7104368a4
Tr1467,Driving Home for Christmas - 2019 Remaster,429504768,1,1,1986,https://i.scdn.co/image/ab67616d0000b273d8a8b34740a0289f7427b36a
Tr1468,Christmas (Baby Please Come Home),242767149,22,11,1963,https://i.scdn.co/image/ab67616d0000b273adad4220d51bd720481d4be4
Tr1469,Gone Girl,65362788,9,12,2022,https://i.scdn.co/image/ab67616d0000b27370dbc9f47669d120ad874ec1
Tr1470,F2F,67540165,9,12,2022,https://i.scdn.co/image/ab67616d0000b27370dbc9f47669d120ad874ec1
Tr1471,Notice Me,62019074,9,12,2022,https://i.scdn.co/image/ab67616d0000b27370dbc9f47669d120ad874ec1
Tr1472,Merry Christmas,135723538,10,11,2017,https://i.scdn.co/image/ab67616d0000b273d8db7e7b7d4c1e90cd18ca3a
Tr1473,It's Beginning to Look a Lot Like Christmas (with Mitchell Ayres & His Orchestra),295998468,1,1,1958,Not Found
Tr1474,My Only Wish (This Year),261116938,7,11,2000,https://i.scdn.co/image/ab67616d0000b27316ed688a08ecd351560f4566
Tr1475,Antidepresan,136689549,4,11,2022,Not Found
Tr1476,Wild Flower (with youjeen),135611421,2,12,2022,https://i.scdn.co/image/ab67616d0000b273fa60e8a8d5ca09efc6098175
Tr1477,I Hate U,356709897,3,12,2021,https://i.scdn.co/image/ab67616d0000b27370dbc9f47669d120ad874ec1
Tr1478,Raindrops (Insane) [with Travis Scott],110649992,2,12,2022,Not Found
Tr1479,Deck The Hall - Remastered 1999,127027715,1,1,1959,https://i.scdn.co/image/ab67616d0000b273e506bca2ef0760607289c9a9
Tr1480,Smoking on my Ex Pack,57144458,9,12,2022,https://i.scdn.co/image/ab67616d0000b27370dbc9f47669d120ad874ec1
Tr1481,Conceited,56870689,9,12,2022,https://i.scdn.co/image/ab67616d0000b27370dbc9f47669d120ad874ec1
Tr1482,Snow On The Beach (feat. Lana Del Rey),323437194,21,10,2022,https://i.scdn.co/image/ab67616d0000b273fa747621a53c8e2cc436dee0
Tr1483,Maroon,317726339,21,10,2022,https://i.scdn.co/image/ab67616d0000b273bb54dde68cd23e2a268ae0f5
Tr1484,Tubar?o Te,116144341,28,9,2022,Not Found
Tr1485,Bejeweled,328207708,21,10,2022,https://i.scdn.co/image/ab67616d0000b273bb54dde68cd23e2a268ae0f5
Tr1486,Tarot,608228647,6,5,2022,https://i.scdn.co/image/ab67616d0000b27349d694203245f241a1bcaa72
Tr1487,You Make It Feel Like Christmas (feat. Blake Shelton),180577478,20,9,2005,https://i.scdn.co/image/ab67616d0000b273f1ead165a7504b97e66ea7c4
Tr1488,Desesperados,809306935,25,6,2021,Not Found
Tr1489,Too Late,49262961,8,12,2022,https://i.scdn.co/image/ab67616d0000b27370dbc9f47669d120ad874ec1
Tr1490,Party,614555082,6,5,2022,https://i.scdn.co/image/ab67616d0000b27349d694203245f241a1bcaa72
Tr1491,Run Rudolph Run - Single Version,245350949,1,1,1958,https://i.scdn.co/image/ab67616d0000b27393cc654759c909d4c1123739
Tr1492,Jingle Bells - Remastered 1999,178660459,1,1,1957,https://i.scdn.co/image/ab67616d0000b27352693de430023c13b7976490
Tr1493,Far,51641685,9,12,2022,https://i.scdn.co/image/ab67616d0000b27370dbc9f47669d120ad874ec1
Tr1494,On Time (with John Legend),78139948,2,12,2022,Not Found
Tr1495,GAT?,322336177,25,8,2022,Not Found
Tr1496,?abcdefu,1007612429,13,8,2021,Not Found
Tr1497,Sacrifice,326792833,7,1,2022,https://i.scdn.co/image/ab67616d0000b2731c7942eac1aece801758fccf
Tr1498,Is There Someone Else?,391251368,7,1,2022,https://i.scdn.co/image/ab67616d0000b2734ab2520c2c77a1d66b9ee21d
Tr1499,Fingers Crossed,349585590,5,1,2022,https://i.scdn.co/image/ab67616d0000b273270a1c7644ec5a23c7d05272
Tr1500,Out of Time,339659802,7,1,2022,https://i.scdn.co/image/ab67616d0000b2734ab2520c2c77a1d66b9ee21d
Tr1501,Do It To It,674772936,20,8,2021,Not Found
Tr1502,We Don't Talk About Bruno,432719968,19,11,2021,Not Found
Tr1503,Pepas,1309887447,24,6,2021,https://i.scdn.co/image/ab67616d0000b2734239a6aa89738d8f798168ad
Tr1504,How Do I Make You Love Me?,119238316,7,1,2022,https://i.scdn.co/image/ab67616d0000b2734ab2520c2c77a1d66b9ee21d
Tr1505,Gasoline,116903579,7,1,2022,https://i.scdn.co/image/ab67616d0000b2734ab2520c2c77a1d66b9ee21d
Tr1506,Infinity,888046992,23,6,2017,https://i.scdn.co/image/ab67616d0000b273a9897f65d1ead1be10a51e3f
Tr1507,Less Than Zero,200660871,7,1,2022,https://i.scdn.co/image/ab67616d0000b273b3a6d0134f197bce863369a6
Tr1508,Take My Breath,130655803,6,8,2021,https://i.scdn.co/image/ab67616d0000b2734ab2520c2c77a1d66b9ee21d
Tr1509,good 4 u,1887039593,14,5,2021,https://i.scdn.co/image/ab67616d0000b273a91c10fe9472d9bd89802e5a
Tr1510,"Here We Go? Again (feat. Tyler, the Cr",88103848,7,1,2022,Not Found
Tr1511,Best Friends,101114984,7,1,2022,https://i.scdn.co/image/ab67616d0000b2734ab2520c2c77a1d66b9ee21d
Tr1512,Kiss Me More (feat. SZA),1575467011,9,4,2021,Not Found
Tr1513,I Heard You're Married (feat. Lil Wayne),91656026,7,1,2022,https://i.scdn.co/image/ab67616d0000b2734ab2520c2c77a1d66b9ee21d
Tr1514,Need To Know,1042568408,11,6,2021,https://i.scdn.co/image/ab67616d0000b273be841ba4bc24340152e3a79a
Tr1515,MONTERO (Call Me By Your Name),1735441776,18,9,2020,https://i.scdn.co/image/ab67616d0000b273be82673b5f79d9658ec0a9fd
Tr1516,love nwantiti (ah ah ah),726837877,26,7,2019,https://i.scdn.co/image/ab67616d0000b273405fdad252857e01dbced96a
Tr1517,Dawn FM,53933526,7,1,2022,https://i.scdn.co/image/ab67616d0000b2734ab2520c2c77a1d66b9ee21d
Tr1518,Surface Pressure,267758538,19,11,2021,https://i.scdn.co/image/ab67616d0000b273e1ac646ed6f25125e2a77229
Tr1519,Starry Eyes,74601456,7,1,2022,https://i.scdn.co/image/ab67616d0000b2734ab2520c2c77a1d66b9ee21d
Tr1520,THATS WHAT I WANT,920797189,17,9,2021,https://i.scdn.co/image/ab67616d0000b273be82673b5f79d9658ec0a9fd
Tr1521,One Right Now (with The Weeknd),539595276,5,11,2021,Not Found
Tr1522,Beggin,1367810478,8,12,2017,Not Found
Tr1523,Mon Amour - Remix,578207856,21,9,2020,Not Found
Tr1524,Lo Siento BB:/ (with Bad Bunny & Julieta Venegas),775542072,5,10,2021,https://i.scdn.co/image/ab67616d0000b273abe9c2b5f03653d6b87696e6
Tr1525,MONEY,863625566,10,9,2021,https://i.scdn.co/image/ab67616d0000b273330f11fb125bb80b760f9e19
Tr1526,The Motto,656013912,4,11,2021,Not Found
Tr1527,Happier Than Ever,1056760045,30,7,2021,https://i.scdn.co/image/ab67616d0000b2732a038d3bf875d23e4aeaa84e
Tr1528,Moth To A Flame (with The Weeknd),611994237,22,10,2021,Not Found
Tr1529,traitor,1230855859,21,5,2021,Not Found
Tr1530,Toxic,582981380,10,9,2021,https://i.scdn.co/image/ab67616d0000b273ee07023115f822012390d2a0
Tr1531,drivers license,1858144199,8,1,2021,https://i.scdn.co/image/ab67616d0000b273a91c10fe9472d9bd89802e5a
Tr1532,Malvad?,240684449,30,11,2021,Not Found
Tr1533,All Too Well (10 Minute Version) (Taylor's Version) (From The Vault),583687007,12,11,2021,https://i.scdn.co/image/ab67616d0000b273318443aab3531a0558e79a4d
Tr1534,Don?t Break My,63803529,7,1,2022,Not Found
Tr1535,Oh My God,466214729,19,11,2021,https://i.scdn.co/image/ab67616d0000b273c6b577e4c4a6d326354a89f7
Tr1536,Entre Nosotros (Remix) [con Nicki Nicole],236940480,5,1,2022,Not Found
Tr1537,A Tale By Quincy,41924466,7,1,2022,https://i.scdn.co/image/ab67616d0000b2734ab2520c2c77a1d66b9ee21d
Tr1538,I AM WOMAN,225259194,18,11,2021,https://i.scdn.co/image/ab67616d0000b273d4e10cba96b669683d0f8069
Tr1539,Medallo,393230256,27,10,2021,Not Found
Tr1540,It'll Be Okay,287201015,1,12,2021,Not Found
Tr1541,Softcore,599770206,9,3,2018,https://i.scdn.co/image/ab67616d0000b2739b6ac98a52f62d5cb473da40
Tr1542,Super Gremlin,342779426,30,10,2021,https://i.scdn.co/image/ab67616d0000b2735340631eca6f127d094545c9
Tr1543,Volv?,673801126,3,8,2021,https://i.scdn.co/image/ab67616d0000b27312bcec4f18ee130369ce170c
Tr1544,Todo De Ti,1168642797,2,11,2020,https://i.scdn.co/image/ab67616d0000b2734801828052a610b910cff795
Tr1545,Love Nwantiti - Remix,540539717,30,8,2019,https://i.scdn.co/image/ab67616d0000b27339bb326b58346f99b8692745
Tr1546,Smokin Out The Window,383550148,5,11,2021,https://i.scdn.co/image/ab67616d0000b273fcf75ead8a32ac0020d2ce86
Tr1547,Meet Me At Our Spot,530511203,13,3,2020,https://i.scdn.co/image/ab67616d0000b273024ea7e883a713a3ad552a71
Tr1548,Every Angel is Terrifying,37307967,7,1,2022,https://i.scdn.co/image/ab67616d0000b2734ab2520c2c77a1d66b9ee21d
Tr1549,Tacones Rojos,510876816,22,10,2021,https://i.scdn.co/image/ab67616d0000b2739f6800546cfaaacb3fa4b145
Tr1550,Peaches (feat. Daniel Caesar & Giveon),1445941661,19,3,2021,https://i.scdn.co/image/ab67616d0000b273e6f407c7f3a0ec98845e4431
Tr1551,Dakiti,1763363713,30,10,2020,https://i.scdn.co/image/ab67616d0000b27334c8199b0b3b3fb42b8a98a8
Tr1552,"Tiago PZK: Bzrp Music Sessions, Vol. 48",374191487,29,12,2021,https://i.scdn.co/image/ab67616d0000b2735bddce84bc8f03ac82c988d4
Tr1553,L?,108809090,9,1,2022,Not Found
Tr1554,Nost?l,436695353,8,9,2021,Not Found
Tr1555,Better Days (NEIKED x Mae Muller x Polo G),421040617,24,9,2021,https://i.scdn.co/image/ab67616d0000b2736b742298f7f36717855c4caf
Tr1556,Life Goes On,501541661,17,7,2020,https://i.scdn.co/image/ab67616d0000b2731c5a484110522f2b9c7038cc
Tr1557,Sad Girlz Luv Money Remix (feat. Kali Uchis),354065229,16,9,2021,Not Found
Tr1558,Butter,1143647827,21,5,2021,https://i.scdn.co/image/ab67616d0000b27317db30ce3f081d6818a8ad49
Tr1559,pushin P (feat. Young Thug),311395144,7,1,2022,Not Found
Tr1560,You Right,672656250,24,6,2021,https://i.scdn.co/image/ab67616d0000b273be841ba4bc24340152e3a79a
Tr1561,deja vu,1256880657,1,4,2021,https://i.scdn.co/image/ab67616d0000b273a91c10fe9472d9bd89802e5a
Tr1562,Dynamite,1692897992,21,8,2020,https://i.scdn.co/image/ab67616d0000b273c07d5d2fdc02ae252fcd07e5
Tr1563,TO THE MOON,245095641,5,11,2021,https://i.scdn.co/image/ab67616d0000b2739af8418ffb638b3306a07714
Tr1564,Lost in the Fire,686734357,11,1,2019,https://i.scdn.co/image/ab67616d0000b273030e6a4145500730450e8794
Tr1565,Salimo de Noche,261414174,21,10,2021,Not Found
Tr1566,Volando - Remix,610045621,8,7,2021,Not Found
Tr1567,Leave The Door Open,1115880852,5,3,2021,https://i.scdn.co/image/ab67616d0000b273fcf75ead8a32ac0020d2ce86
Tr1568,Knife Talk (with 21 Savage ft. Project Pat),594482982,3,9,2021,https://i.scdn.co/image/ab67616d0000b273cd945b4e3de57edd28481a3f
Tr1569,Don't Be Shy,566954746,1,8,2021,Not Found
Tr1570,Love Grows (Where My Rosemary Goes),0,1,1,1970,https://i.scdn.co/image/ab67616d0000b2739a0011cc9d31cf969b656905
Tr1571,LA FAMA (with The Weeknd),374706940,11,11,2021,Not Found
Tr1572,The Family Madrigal,184937148,19,11,2021,Not Found
Tr1573,Phantom Regret by Jim,31959571,7,1,2022,https://i.scdn.co/image/ab67616d0000b2734ab2520c2c77a1d66b9ee21d
Tr1574,Dos Oruguitas,167076418,19,11,2021,https://i.scdn.co/image/ab67616d0000b273e1ac646ed6f25125e2a77229
Tr1575,Freaks,824420218,10,5,2015,https://i.scdn.co/image/ab67616d0000b2739efda673310de265a2c1cf1f
Tr1576,Acapulco,363467642,1,9,2021,https://i.scdn.co/image/ab67616d0000b2738544aa5ba43894b7103ec757
Tr1577,Daddy Issues,1127468248,30,10,2015,https://i.scdn.co/image/ab67616d0000b2733066581d697fbdee4303d685
Tr1578,thought i was playing,60680939,7,1,2022,Not Found
Tr1579,ELEVEN,247737946,1,12,2021,https://i.scdn.co/image/ab67616d0000b273da343b21617aac0c57e332bb
Tr1580,Mood (feat. Iann Dior),1699402402,24,7,2020,https://i.scdn.co/image/ab67616d0000b27384c53fa832dfa265192419c5
Tr1581,What Else Can I Do?,154797871,19,11,2021,Not Found
Tr1582,DANCE CRIP,198883004,17,11,2021,https://i.scdn.co/image/ab67616d0000b2732ccbe28be97225ae844bef55
Tr1583,Miserable Man,124407432,7,1,2022,https://i.scdn.co/image/ab67616d0000b273e3884b7043aa68c264faff71
Tr1584,happier,850608354,21,5,2021,https://i.scdn.co/image/ab67616d0000b273a91c10fe9472d9bd89802e5a
Tr1585,Praise God,376333030,29,8,2021,https://i.scdn.co/image/ab67616d0000b273cad190f1a73c024e5a40dddd
Tr1586,Get Into It (Yuh),516784627,25,6,2021,https://i.scdn.co/image/ab67616d0000b273be841ba4bc24340152e3a79a
Tr1587,Before You Go,1608045237,1,11,2019,https://i.scdn.co/image/ab67616d0000b2737b9639babbe96e25071ec1d4
Tr1588,Sky,506778838,25,12,2020,https://i.scdn.co/image/ab67616d0000b27398ea0e689c91f8fea726d9bb
Tr1589,Rolling in the Deep,1472799873,29,11,2010,https://i.scdn.co/image/ab67616d0000b2732118bf9b198b05a95ded6300
Tr1590,Sobrio,513643924,8,7,2021,https://i.scdn.co/image/ab67616d0000b2730c912949e9f848cc95797b27
Tr1591,Peru,261286503,23,12,2021,Not Found
Tr1592,favorite crime,783706581,21,5,2021,https://i.scdn.co/image/ab67616d0000b273a91c10fe9472d9bd89802e5a
Tr1593,Thunder,422691058,7,5,2021,Not Found
Tr1594,The Business,1062345656,1,1,2020,Not Found
Tr1595,positions,1252563873,23,10,2020,https://i.scdn.co/image/ab67616d0000b2735ef878a782c987d38d82b605
Tr1596,I WANNA BE YOUR SLAVE,851070493,19,3,2021,Not Found
Tr1597,Vai L? Em Casa ,263894529,22,10,2021,Not Found
Tr1598,The Feels,345903614,1,10,2021,https://i.scdn.co/image/ab67616d0000b273d1961ecb307c9e05ec8f7e82
Tr1599,HEARTBREAK ANNIVERSARY,951637566,21,2,2020,https://i.scdn.co/image/ab67616d0000b2733317fc12f8b9a9a0b8459766
Tr1600,No Lie,956865266,18,11,2016,https://i.scdn.co/image/ab67616d0000b2732d564195ed3dd7b70d64862c
Tr1601,OUT OUT (feat. Charli XCX & Saweetie),427486004,13,8,2021,https://i.scdn.co/image/ab67616d0000b2730abb7463b44d1be6243642f4
Tr1602,Pope Is a Rockstar,156658366,20,4,2016,https://i.scdn.co/image/ab67616d0000b2731138eea74b6d7e06289bedaa
Tr1603,2055,624515457,14,4,2021,https://i.scdn.co/image/ab67616d0000b27378376f650afd63698b82e4b1
Tr1604,Bored,777765388,30,3,2017,https://i.scdn.co/image/ab67616d0000b273e0f2af91be409aad81bba98c
Tr1605,Happier Than Ever - Edit,412795151,28,7,2021,https://i.scdn.co/image/ab67616d0000b27331aa3ebe23f59778bff800c9
Tr1606,Astronaut In The Ocean,1138474110,1,1,2019,https://i.scdn.co/image/ab67616d0000b27397fdd7cf1b14d78c6a7fb17f
Tr1607,Ley Seca,355219175,2,9,2021,Not Found
Tr1608,Every Summertime,290228626,10,8,2021,https://i.scdn.co/image/ab67616d0000b273d00cc26852fcc281296977be
Tr1609,Talking To The Moon,1062956628,4,10,2010,https://i.scdn.co/image/ab67616d0000b273f6b55ca93bd33211227b502b
Tr1610,you broke me first,1180094974,17,4,2020,https://i.scdn.co/image/ab67616d0000b2730c2c97099fd6a637ed0aa4a4
Tr1611,The Nights,1456081449,1,1,2014,https://i.scdn.co/image/ab67616d0000b2730ae4f4d42e4a09f3a29f64ad
Tr1612,Way 2 Sexy (with Future & Young Thug),489945871,3,9,2021,https://i.scdn.co/image/ab67616d0000b273cd945b4e3de57edd28481a3f
Tr1613,C?,465959382,25,6,2021,Not Found
Tr1614,Enemy - from the series Arcane League of Legends,1223481149,27,10,2021,https://i.scdn.co/image/ab67616d0000b273fc915b69600dce2991a61f13
Tr1615,Dance Monkey,2864791672,10,5,2019,https://i.scdn.co/image/ab67616d0000b273c6f7af36ecdc3ed6e0a1f169
Tr1616,Lucid Dreams,2288695111,15,6,2017,https://i.scdn.co/image/ab67616d0000b273f7db43292a6a99b21b51d5b4
Tr1617,Qu? M?,720825549,28,1,2021,Not Found
Tr1618,All of Me,2086124197,1,8,2013,https://i.scdn.co/image/ab67616d0000b27394c9217a398f5174757c0c78
Tr1619,Smells Like Teen Spirit - Remastered 2021,1690192927,10,9,1991,https://i.scdn.co/image/ab67616d0000b2739aa37e5baca62ca6cc98d056
Tr1620,Arcade,991336132,7,3,2019,https://i.scdn.co/image/ab67616d0000b273a954408e456d4d9d410f448b
Tr1621,Fair Trade (with Travis Scott),593917618,3,9,2021,https://i.scdn.co/image/ab67616d0000b273cd945b4e3de57edd28481a3f
Tr1622,Bar,200972675,11,11,2021,https://i.scdn.co/image/ab67616d0000b2737b1a8b1a92561bb5d16d6b4c
Tr1623,The Rumbling (TV Size),71014967,10,1,2022,https://i.scdn.co/image/ab67616d0000b2735d2f378be5d973ad504456d7
Tr1624,family ties (with Kendrick Lamar),560222750,27,8,2021,Not Found
Tr1625,Mr. Brightside,1806617704,23,9,2003,https://i.scdn.co/image/ab67616d0000b273ccdddd46119a4ff53eaf1f5d
Tr1626,Blessed-Cursed,77337771,10,1,2022,https://i.scdn.co/image/ab67616d0000b2731c1ea5bfa5680ac877acdd55
Tr1627,AM Remix,528544703,24,6,2021,Not Found
Tr1628,Streets,865640097,7,11,2019,https://i.scdn.co/image/ab67616d0000b273f14aa81116510d3a6df8432b
Tr1629,Shallow,2159346687,27,9,2018,https://i.scdn.co/image/ab67616d0000b273e2d156fdc691f57900134342
Tr1630,Polaroid Love,211372494,10,1,2022,https://i.scdn.co/image/ab67616d0000b2731c1ea5bfa5680ac877acdd55
Tr1631,Leave Before You Love Me (with Jonas Brothers),651732901,28,4,2021,https://i.scdn.co/image/ab67616d0000b273ae40468931087f78919b86ce
Tr1632,Permission to Dance,608334048,9,7,2021,https://i.scdn.co/image/ab67616d0000b273a7e481899b7e0396f93d10b8
Tr1633,Friday (feat. Mufasa & Hypeman) - Dopamine Re-Edit,863756573,15,1,2021,https://i.scdn.co/image/ab67616d0000b273815cb538fd7821595b2bc8c5
Tr1634,RAPSTAR,797402345,9,4,2021,https://i.scdn.co/image/ab67616d0000b273a493e05c99d8ec5e8020ff2b
Tr1635,'Till I Collapse,1695712020,26,5,2002,https://i.scdn.co/image/ab67616d0000b2736ca5c90113b30c3c43ffb8f4
Tr1636,Memories,1759567999,20,9,2019,https://i.scdn.co/image/ab67616d0000b27386a8ab515de4b7aef28cd631
Tr1637,Se Le Ve,223319934,12,8,2021,Not Found
Tr1638,25k jacket (feat. Lil Baby),54937991,7,1,2022,https://i.scdn.co/image/ab67616d0000b27314d91ebdd6d7e2931322cc1a
Tr1639,When I?m Gone (with Katy ,226897599,29,12,2021,Not Found
Tr1640,Esque?a-Me Se For C,258316038,14,10,2021,Not Found
Tr1641,Mi?n,596152090,29,4,2021,Not Found
Tr1642,S?,177129919,18,11,2021,Not Found
Tr1643,MAMIII,716591492,10,2,2022,Not Found
Tr1644,Still D.R.E.,1210599487,1,1,1999,https://i.scdn.co/image/ab67616d0000b2739b19c107109de740bad72df5
Tr1645,Stay Alive (Prod. SUGA of BTS),246376690,11,2,2022,https://i.scdn.co/image/ab67616d0000b2738916a2bb404bed6755f2bbbd
Tr1646,Boyfriend,496311364,11,2,2022,https://i.scdn.co/image/ab67616d0000b2730397f50cb9dc5393db5d08bc
Tr1647,The Joker And The Queen (feat. Taylor Swift),146789379,11,2,2022,https://i.scdn.co/image/ab67616d0000b27389aff4625958eac8d16535c7
Tr1648,The Next Episode,843309044,1,1,1999,https://i.scdn.co/image/ab67616d0000b2739b19c107109de740bad72df5
Tr1649,Light Switch,500340342,19,1,2022,https://i.scdn.co/image/ab67616d0000b27335d2e0ed94a934f2cc46fa49
Tr1650,City of Gods,107255472,11,2,2022,Not Found
Tr1651,Brividi,135079152,2,2,2022,https://i.scdn.co/image/ab67616d0000b273ac4a7d6e5e77c52ba430278b
Tr1652,Lost,822239726,1,1,2012,https://i.scdn.co/image/ab67616d0000b2737aede4855f6d0d738012e2e5
Tr1653,In Da Club,1202722675,1,1,2002,https://i.scdn.co/image/ab67616d0000b273f7f74100d5cc850e01172cbf
Tr1654,she's all i wanna be,343197054,4,2,2022,https://i.scdn.co/image/ab67616d0000b273f7108342ef45a402af8206b2
Tr1655,Ginseng Strip 2002,240769997,16,8,2013,https://i.scdn.co/image/ab67616d0000b273581915272a4ffd12551c0202
Tr1656,All For Us - from the HBO Original Series Euphoria,426204830,4,8,2019,https://i.scdn.co/image/ab67616d0000b27325c4bac75a46caa3e645896a
Tr1657,Notion,421135627,5,8,2016,https://i.scdn.co/image/ab67616d0000b273598721fc8c9dde3f65a73a08
Tr1658,Formula,554875730,4,10,2019,https://i.scdn.co/image/ab67616d0000b27389c39ba1acdf33ed7acd3867
Tr1659,Mount Everest,467727006,21,6,2019,https://i.scdn.co/image/ab67616d0000b273e4c03429788f0aff263a5fc6
Tr1660,Excuses,327498031,24,7,2020,Not Found
Tr1661,Cigarettes,185408548,10,12,2021,https://i.scdn.co/image/ab67616d0000b2737459992b444de38842b9bee7
Tr1662,"Cay? La Noche (feat. Cruz Cafun?, Abhir Hathi, Bejo, EL IMA)",245400167,14,1,2022,Not Found
Tr1663,California Love - Original Version (Explicit),579395142,28,12,1995,Not Found
Tr1664,Forgot About Dre,675039469,1,1,1999,Not Found
Tr1665,Down Under (feat. Colin Hay),252871192,19,11,2021,https://i.scdn.co/image/ab67616d0000b273aad205f4a52b5c988d86c25f
Tr1666,Mujeriego,231996128,17,12,2021,https://i.scdn.co/image/ab67616d0000b2730193b30d2ad5ecd9ac3f26aa
Tr1667,HUMBLE.,1929770265,30,3,2017,https://i.scdn.co/image/ab67616d0000b2738b52c6b9bc4e43d873869699
Tr1668,Stan,918915401,21,11,1999,https://i.scdn.co/image/ab67616d0000b273dbb3dd82da45b7d7f31b1b42
Tr1669,Contection,1180896317,16,1,2020,https://i.scdn.co/image/ab67616d0000b2735dabace2f8e176a8727e3f95
Tr1670,Swim,498960285,4,10,2017,https://i.scdn.co/image/ab67616d0000b2735a0c2870f4f309e382d1fad6
Tr1671,A Tu Merced,685071800,29,2,2020,https://i.scdn.co/image/ab67616d0000b273548f7ec52da7313de0c5e4a0
Tr1672,Numb Little Bug,258714692,28,1,2022,https://i.scdn.co/image/ab67616d0000b273dc0353a5801934f9a4bac01d
Tr1673,212,143139338,15,1,2022,Not Found
Tr1674,Problem?,209768491,22,10,2021,Not Found
Tr1675,Bussin,64714573,11,2,2022,https://i.scdn.co/image/ab67616d0000b2738c10ac7c3a733632833c3d88
Tr1676,Worst Day,50746620,11,2,2022,https://i.scdn.co/image/ab67616d0000b2737e83b7d94b668d9ea94fe7ec
Tr1677,Malvada,154119539,28,1,2022,Not Found
Tr1678,Hrs and Hrs,181328253,19,11,2021,https://i.scdn.co/image/ab67616d0000b273d424d6448da5d51e00f6fda7
Tr1679,Alien Blues,370068639,24,7,2015,https://i.scdn.co/image/ab67616d0000b273578b0e6109b76bad0821ca71
Tr1680,Thinking Out Loud,2280566092,1,1,2014,https://i.scdn.co/image/ab67616d0000b27313b3e37318a0c247b550bccd
Tr1681,Still Don't Know My Name,563902868,4,10,2019,https://i.scdn.co/image/ab67616d0000b27389c39ba1acdf33ed7acd3867
Tr1682,Christmas Tree,317622165,24,12,2021,https://i.scdn.co/image/ab67616d0000b2738764ebc69bd91a01cc3948a2
Tr1683,Mal Feito - Ao Vivo,291709698,14,1,2022,Not Found
Tr1684,When I R.I.P.,203680270,4,10,2019,https://i.scdn.co/image/ab67616d0000b27389c39ba1acdf33ed7acd3867
Tr1685,Do We Have A Problem?,81350745,4,2,2022,https://i.scdn.co/image/ab67616d0000b2737df334f26d1e55dfba843463
Tr1686,Forever,282883169,4,10,2019,https://i.scdn.co/image/ab67616d0000b27389c39ba1acdf33ed7acd3867
Tr1687,Gospel (with Eminem),64787943,4,2,2022,Not Found
Tr1688,Se?o,2484812918,19,6,2019,Not Found
Tr1689,NEW MAGIC WAND,461437791,16,5,2019,https://i.scdn.co/image/ab67616d0000b2737005885df706891a3c182a57
Tr1690,Adore You,1439191367,6,12,2019,https://i.scdn.co/image/ab67616d0000b27377fdcfda6535601aff081b6a
Tr1691,La Santa,759208783,29,2,2020,Not Found
Tr1692,Something In The Way - Remastered 2021,368646862,24,9,1991,https://i.scdn.co/image/ab67616d0000b2739aa37e5baca62ca6cc98d056
Tr1693,Sweetest Pie,299634472,11,3,2022,Not Found
Tr1694,Bam Bam (feat. Ed Sheeran),756907987,4,3,2022,https://i.scdn.co/image/ab67616d0000b273364ef5f9057092741f667fea
Tr1695,Una Noche en Medell?,682475162,21,1,2022,https://i.scdn.co/image/ab67616d0000b273be60f176970cdde893632dd8
Tr1696,Envolver,546191065,11,11,2021,https://i.scdn.co/image/ab67616d0000b27332f29a61d5e3c3bb3c7ae510
Tr1697,Starlight,229473310,3,3,2022,https://i.scdn.co/image/ab67616d0000b27320ce6b27651688ee8969cb2e
Tr1698,Hati-Hati di Jalan,202677468,3,3,2022,https://i.scdn.co/image/ab67616d0000b273b55d26c578e30129b0a7e86e
Tr1699,"I'm Tired - From ""Euphoria"" An Original HBO Series",121913181,4,2,2022,Not Found
Tr1700,DAN?A,208166039,1,2,2022,Not Found
Tr1701,Yo Voy (feat. Daddy Yankee),527033089,4,5,2004,https://i.scdn.co/image/ab67616d0000b27387d3146807ad53b05a7daaac
Tr1702,"Residente: Bzrp Music Sessions, Vol. 49",94616487,3,3,2022,Not Found
Tr1703,Jordan,394030335,30,4,2021,https://i.scdn.co/image/ab67616d0000b27382102cabb8e9ae044fc3db62
Tr1704,Nail Tech,193443895,18,2,2022,https://i.scdn.co/image/ab67616d0000b273ddd85c9c585e663fc5431c2a
Tr1705,Chale,299648208,18,2,2022,Not Found
Tr1706,DARARI,182978249,15,2,2022,https://i.scdn.co/image/ab67616d0000b27328be5dc3cc0bd6f2482c1d56
Tr1707,Ya No Somos Ni Seremos,319757142,18,2,2022,https://i.scdn.co/image/ab67616d0000b27365006bd1837710248501315c
Tr1708,Thinking with My Dick,109091573,16,7,2013,https://i.scdn.co/image/ab67616d0000b273648c824765ffe493d9947b62
Tr1709,Freaky Deaky,153240879,25,2,2022,https://i.scdn.co/image/ab67616d0000b2739d272936b9368c8d7fd2e6ef
Tr1710,this is what falling in love feels like,346127840,3,9,2021,https://i.scdn.co/image/ab67616d0000b273c2504e80ba2f258697ab2954
Tr1711,La Zona,312622938,29,2,2020,https://i.scdn.co/image/ab67616d0000b273548f7ec52da7313de0c5e4a0
Tr1712,Bohemian Rhapsody - Remastered 2011,2197010679,31,10,1975,https://i.scdn.co/image/ab67616d0000b273ce4f1737bc8a646c8c4bd25a
Tr1713,Hope,1200808494,16,3,2018,https://i.scdn.co/image/ab67616d0000b273806c160566580d6335d1f16c
Tr1714,Levitating,797196073,27,3,2020,https://i.scdn.co/image/ab67616d0000b273d4daf28d55fe4197ede848be
Tr1715,Wake Me Up - Radio Edit,1970673297,1,1,2013,https://i.scdn.co/image/ab67616d0000b2731d7b056c2044321bac7e6b40
Tr1716,"jealousy, jealousy",665765558,21,5,2021,https://i.scdn.co/image/ab67616d0000b273a91c10fe9472d9bd89802e5a
Tr1717,Mon?y so,263779030,10,9,2021,Not Found
Tr1718,Demasiadas Mujeres,339473453,8,10,2020,https://i.scdn.co/image/ab67616d0000b273a408c78e231f716383a58eb3
Tr1719,Something Just Like This,2204080728,22,2,2017,https://i.scdn.co/image/ab67616d0000b2730c13d3d5a503c84fcc60ae94
Tr1720,Closer,2591224264,31,5,2016,https://i.scdn.co/image/ab67616d0000b273495ce6da9aeb159e94eaa453
Tr1721,O.O,135444283,22,2,2022,https://i.scdn.co/image/ab67616d0000b27386ca91e718866f411c01db5e
Tr1722,Somebody That I Used To Know,1457139296,1,1,2011,https://i.scdn.co/image/ab67616d0000b273e1d47c00ddecbfb810c807ed
Tr1723,Tom's Diner,236872197,28,6,2019,https://i.scdn.co/image/ab67616d0000b2732186eb1b0b5436f858c0508c
Tr1724,First Class,694525298,8,4,2022,https://i.scdn.co/image/ab67616d0000b2738e55edb69ca44a25b52b17bb
Tr1725,Plan A,240661097,23,3,2022,https://i.scdn.co/image/ab67616d0000b273ccccd9b321e9b4446ae22cc5
Tr1726,Fuera del mercado,421365166,17,2,2022,https://i.scdn.co/image/ab67616d0000b273be462dd5903fb27996331b48
Tr1727,X ?LTIMA,349746291,25,3,2022,Not Found
Tr1728,When You're Gone,255120451,31,3,2022,https://i.scdn.co/image/ab67616d0000b273dad0775943c1a826bfed3117
Tr1729,In My Head,190981339,1,4,2022,https://i.scdn.co/image/ab67616d0000b2731e6a9d4ce04b67a455ed6b8c
Tr1730,Wait a Minute!,924193303,11,1,2015,https://i.scdn.co/image/ab67616d0000b2736ee651e65c3766d80e7fcab7
Tr1731,LOVE DIVE,305771063,5,4,2022,https://i.scdn.co/image/ab67616d0000b2739016f58cc49e6473e1207093
Tr1732,Pantysito,273005485,18,3,2022,Not Found
Tr1733,Chance,89566512,6,4,2022,https://i.scdn.co/image/ab67616d0000b273cb74f60124f5268784563f0b
Tr1734,Cool for the Summer,677389855,1,1,2015,https://i.scdn.co/image/ab67616d0000b273ed164cf1c10f028e8f528784
Tr1735,psychofreak (feat. WILLOW),75476209,7,4,2022,https://i.scdn.co/image/ab67616d0000b27317f56db9be0ac58807c82899
Tr1736,Angel Baby,408843328,9,9,2021,https://i.scdn.co/image/ab67616d0000b2735cf05521594fbf41d2a48893
Tr1737,Vampiro,187772591,30,1,2022,Not Found
Tr1738,Si Quieren Frontear,178512385,31,3,2022,Not Found
Tr1739,Right On,101780047,8,4,2022,https://i.scdn.co/image/ab67616d0000b2736c6827c3fb94b95e5ff4a4aa
Tr1740,Me Arrepent?,118381354,30,3,2022,https://i.scdn.co/image/ab67616d0000b273b0a3a7b69e470141becfdf8d
Tr1741,That's Hilarious,146363130,8,4,2022,https://i.scdn.co/image/ab67616d0000b273a3b39c1651a617bb09800fd8
Tr1742,Soy El Unico,126443991,25,3,2022,https://i.scdn.co/image/ab67616d0000b273ab621620bbfb20009cdc855e
Tr1743,RUMBAT?,157990698,25,3,2022,Not Found
Tr1744,sentaDONA (Remix) s2,176290831,17,3,2022,Not Found
Tr1745,Falling,1023187129,13,12,2019,https://i.scdn.co/image/ab67616d0000b27377fdcfda6535601aff081b6a
Tr1746,Sigue,106933107,24,11,1996,Not Found
Tr1747,Fim de Semana no Rio,139193812,30,3,2022,https://i.scdn.co/image/ab67616d0000b273acb087ed5213035b71ef7a80
Tr1748,MANIAC,212234990,18,3,2022,https://i.scdn.co/image/ab67616d0000b2733613e1e0d35867a0814005a9
Tr1749,There's Nothing Holdin' Me Back,1714490998,23,9,2016,https://i.scdn.co/image/ab67616d0000b273ea3ef7697cfd5705b8f47521
Tr1750,IDGAF (with blackbear),197643795,18,3,2022,Not Found
Tr1751,Golden,807015863,13,12,2019,https://i.scdn.co/image/ab67616d0000b27377fdcfda6535601aff081b6a
Tr1752,Get Lucky - Radio Edit,933815613,1,1,2013,Not Found
Tr1753,Ain't Shit,499710590,25,6,2021,Not Found
Tr1754,"Nobody Like U - From ""Turning Red""",120847157,25,2,2022,Not Found
Tr1755,Still Life,53909146,5,4,2022,https://i.scdn.co/image/ab67616d0000b273eb136d1be54b1ef8273c0699
Tr1756,Photograph,2236667932,20,6,2014,https://i.scdn.co/image/ab67616d0000b27313b3e37318a0c247b550bccd
Tr1757,Love Yourself,2123309722,9,11,2015,https://i.scdn.co/image/ab67616d0000b273f46b9d202509a8f7384b90de
Tr1758,N95,301242089,13,5,2022,https://i.scdn.co/image/ab67616d0000b2732e02117d76426a08ac7c174f
Tr1759,Die Hard,237351106,13,5,2022,https://i.scdn.co/image/ab67616d0000b2732e02117d76426a08ac7c174f
Tr1760,Despu?s de la P,461558540,6,5,2022,Not Found
Tr1761,Un Ratito,417230415,6,5,2022,https://i.scdn.co/image/ab67616d0000b27349d694203245f241a1bcaa72
Tr1762,United In Grief,156898322,13,5,2022,https://i.scdn.co/image/ab67616d0000b2732e02117d76426a08ac7c174f
Tr1763,Father Time (feat. Sampha),127309180,13,5,2022,https://i.scdn.co/image/ab67616d0000b2732e02117d76426a08ac7c174f
Tr1764,Yo No Soy Celoso,313113297,6,5,2022,https://i.scdn.co/image/ab67616d0000b27349d694203245f241a1bcaa72
Tr1765,Rich Spirit,173702135,13,5,2022,https://i.scdn.co/image/ab67616d0000b2732e02117d76426a08ac7c174f
Tr1766,Cooped Up (with Roddy Ricch),271666301,12,5,2022,https://i.scdn.co/image/ab67616d0000b27334362676667a4322838ccc97
Tr1767,Me Fui de Vacaciones,305650299,6,5,2022,https://i.scdn.co/image/ab67616d0000b27349d694203245f241a1bcaa72
Tr1768,Silent Hill,123216717,13,5,2022,https://i.scdn.co/image/ab67616d0000b2732e02117d76426a08ac7c174f
Tr1769,La Corriente,479655659,6,5,2022,Not Found
Tr1770,Count Me Out,126191104,13,5,2022,https://i.scdn.co/image/ab67616d0000b2732e02117d76426a08ac7c174f
Tr1771,Andrea,344055883,6,5,2022,Not Found
Tr1772,Dos Mil 16,338422004,6,5,2022,https://i.scdn.co/image/ab67616d0000b27349d694203245f241a1bcaa72
Tr1773,We Cry Together,68895644,13,5,2022,https://i.scdn.co/image/ab67616d0000b2732e02117d76426a08ac7c174f
Tr1774,Savior,86176890,13,5,2022,https://i.scdn.co/image/ab67616d0000b2732e02117d76426a08ac7c174f
Tr1775,Un Coco,403231558,6,5,2022,https://i.scdn.co/image/ab67616d0000b27349d694203245f241a1bcaa72
Tr1776,Otro Atardecer,319546754,6,5,2022,Not Found
Tr1777,Worldwide Steppers,61739839,13,5,2022,https://i.scdn.co/image/ab67616d0000b2732e02117d76426a08ac7c174f
Tr1778,Aguacero,283359161,6,5,2022,https://i.scdn.co/image/ab67616d0000b27349d694203245f241a1bcaa72
Tr1779,Purple Hearts,76831876,13,5,2022,https://i.scdn.co/image/ab67616d0000b2732e02117d76426a08ac7c174f
Tr1780,Un Verano Sin Ti,283332261,6,5,2022,https://i.scdn.co/image/ab67616d0000b27349d694203245f241a1bcaa72
Tr1781,ULTRA SOLO,307752576,14,2,2022,https://i.scdn.co/image/ab67616d0000b27353f35bf4da7e552b28d409dd
Tr1782,Ens?ame ,279737940,6,5,2022,Not Found
Tr1783,El Apag?,212351890,6,5,2022,Not Found
Tr1784,Callaita,1304313953,31,5,2019,https://i.scdn.co/image/ab67616d0000b2734aef420e62863ebf622c27f5
Tr1785,Dua Lipa,150500965,6,5,2022,https://i.scdn.co/image/ab67616d0000b2738e55edb69ca44a25b52b17bb
Tr1786,Agosto,246127838,6,5,2022,https://i.scdn.co/image/ab67616d0000b27349d694203245f241a1bcaa72
Tr1787,House Of Memories,582863434,15,1,2016,https://i.scdn.co/image/ab67616d0000b27323152d9337d6c57b116ed13a
Tr1788,Mr. Morale,58687425,13,5,2022,https://i.scdn.co/image/ab67616d0000b2732e02117d76426a08ac7c174f
Tr1789,That That (prod. & feat. SUGA of BTS),212109195,29,4,2022,https://i.scdn.co/image/ab67616d0000b273b5c128b71507ef309ff4912e
Tr1790,In The Stars,382199619,29,4,2022,https://i.scdn.co/image/ab67616d0000b273786e4e2c43c2897fafabbfb6
Tr1791,Rich - Interlude,41210087,13,5,2022,https://i.scdn.co/image/ab67616d0000b2732e02117d76426a08ac7c174f
Tr1792,SUPERMODEL,231657891,13,5,2022,Not Found
Tr1793,Stefania (Kalush Orchestra),53729194,10,3,2022,https://i.scdn.co/image/ab67616d0000b2739e9968776683d0a7099e2930
Tr1794,Thousand Miles,244741137,22,4,2022,https://i.scdn.co/image/ab67616d0000b27386322307ddfb6e9c87b82d39
Tr1795,Crown,42485571,13,5,2022,https://i.scdn.co/image/ab67616d0000b2732e02117d76426a08ac7c174f
Tr1796,Auntie Diaries,37778188,13,5,2022,https://i.scdn.co/image/ab67616d0000b2732e02117d76426a08ac7c174f
Tr1797,PUFFIN ON ZOOTIEZ,254218729,29,4,2022,https://i.scdn.co/image/ab67616d0000b27386badd635b69aea887862214
Tr1798,Mirror,53603447,13,5,2022,https://i.scdn.co/image/ab67616d0000b2732e02117d76426a08ac7c174f
Tr1799,Beautiful Girl,160035717,22,4,2022,https://i.scdn.co/image/ab67616d0000b2731471ae084d0835cfc320fa6a
Tr1800,"Paulo Londra: Bzrp Music Sessions, Vol. 23",164163229,25,4,2022,https://i.scdn.co/image/ab67616d0000b27342f5c9660f46df77e7ab71be
Tr1801,Savior - Interlude,37091576,13,5,2022,https://i.scdn.co/image/ab67616d0000b2732e02117d76426a08ac7c174f
Tr1802,Pasoori,284249832,6,2,2022,https://i.scdn.co/image/ab67616d0000b2733f3d35703bdcd917dad51c4f
Tr1803,Mother I Sober (feat. Beth Gibbons of Portishead),33381454,13,5,2022,https://i.scdn.co/image/ab67616d0000b2732e02117d76426a08ac7c174f
Tr1804,TUS L?GR,184622518,1,4,2022,Not Found
Tr1805,Where Did You Go?,300983101,26,1,2022,Not Found
Tr1806,I Tried to Tell Y'all,121077868,6,5,2022,Not Found
Tr1807,Honest (feat. Don Toliver),106919680,29,4,2022,https://i.scdn.co/image/ab67616d0000b27377f7f8553ace10f4d9347872
Tr1808,ZOOM,136996305,13,4,2022,https://i.scdn.co/image/ab67616d0000b273c4197378ef8cb88888716bca
Tr1809,SloMo,65719930,24,12,2021,https://i.scdn.co/image/ab67616d0000b273e72e1154ce7b6314ba087b0e
Tr1810,FEARLESS,229497852,2,5,2022,https://i.scdn.co/image/ab67616d0000b2739030184114911536d5f77555
Tr1811,10 Things I Hate About You,185550869,23,3,2022,https://i.scdn.co/image/ab67616d0000b273596a9d381ffda7d97da5d702
Tr1812,SPACE MAN,54682594,22,2,2022,https://i.scdn.co/image/ab67616d0000b273b406a48f0b5f4485044dd279
Tr1813,With you,240580042,24,4,2022,Not Found
Tr1814,Iris,1284942608,31,3,1998,https://i.scdn.co/image/ab67616d0000b273eda9478c39a21e1cdc6609ca
Tr1815,The Heart Part 5,71423324,8,5,2022,https://i.scdn.co/image/ab67616d0000b27389877ffdd584dc9b7168044b
Tr1816,San Lucas,244891912,7,11,2019,https://i.scdn.co/image/ab67616d0000b2733e4b5368bf7ad20f19cc4812
Tr1817,This Love (Taylor?s Ve,132171975,6,5,2022,Not Found
Tr1818,Good Looking,184706613,20,10,2017,https://i.scdn.co/image/ab67616d0000b27343bff43a592efe047d2ab9ff
Tr1819,Yet To Come,302006641,10,6,2022,https://i.scdn.co/image/ab67616d0000b27317db30ce3f081d6818a8ad49
Tr1820,Run BTS,330881149,10,6,2022,https://i.scdn.co/image/ab67616d0000b27317db30ce3f081d6818a8ad49
Tr1821,Music For a Sushi Restaurant,334733572,20,5,2022,https://i.scdn.co/image/ab67616d0000b2732e8ed79e177ff6011076f5f0
Tr1822,Matilda,366214458,20,5,2022,https://i.scdn.co/image/ab67616d0000b2732e8ed79e177ff6011076f5f0
Tr1823,For Youth,114546317,10,6,2022,https://i.scdn.co/image/ab67616d0000b27317db30ce3f081d6818a8ad49
Tr1824,Vegas (From the Original Motion Picture Soundtrack ELVIS),448500832,6,5,2022,https://i.scdn.co/image/ab67616d0000b273cada88daf56a282fb18ecf7f
Tr1825,Cash In Cash Out,136676504,10,6,2022,https://i.scdn.co/image/ab67616d0000b2738f0df54fd6043164d7c07ae3
Tr1826,Potion (with Dua Lipa & Young Thug),190625045,27,5,2022,https://i.scdn.co/image/ab67616d0000b273210dbb988be90592f4e0a4bd
Tr1827,Born Singer,79095270,10,6,2022,https://i.scdn.co/image/ab67616d0000b27317db30ce3f081d6818a8ad49
Tr1828,Little Freak,273194684,20,5,2022,https://i.scdn.co/image/ab67616d0000b2732e8ed79e177ff6011076f5f0
Tr1829,La Llevo Al Cielo (Ft. ?engo F,333146475,20,5,2022,Not Found
Tr1830,True Love,194902696,27,5,2022,https://i.scdn.co/image/ab67616d0000b273f52f6a4706fea3bde44467c3
Tr1831,Satellite,311482393,20,5,2022,https://i.scdn.co/image/ab67616d0000b2732e8ed79e177ff6011076f5f0
Tr1832,Pass The Dutchie,195918494,1,1,1982,https://i.scdn.co/image/ab67616d0000b27392a9d95df51a8d84f90166a6
Tr1833,"Villano Antillano: Bzrp Music Sessions, Vol. 51",248511839,8,6,2022,https://i.scdn.co/image/ab67616d0000b273ab7954fdffcef5bb8e052f28
Tr1834,Love Of My Life,233671263,20,5,2022,https://i.scdn.co/image/ab67616d0000b2732e8ed79e177ff6011076f5f0
Tr1835,Grapejuice,199587884,20,5,2022,https://i.scdn.co/image/ab67616d0000b2732e8ed79e177ff6011076f5f0
Tr1836,So Good,91781263,9,6,2022,https://i.scdn.co/image/ab67616d0000b27339e6616a499bc092f469cae0
Tr1837,Belly Dancer,383835984,18,2,2022,Not Found
Tr1838,Keep Driving,236060709,20,5,2022,https://i.scdn.co/image/ab67616d0000b2732e8ed79e177ff6011076f5f0
Tr1839,Cinema,189236868,20,5,2022,https://i.scdn.co/image/ab67616d0000b2732e8ed79e177ff6011076f5f0
Tr1840,Die Young (feat. 347aidan),160845341,25,5,2022,https://i.scdn.co/image/ab67616d0000b273e44e304f52a82a3463ce5761
Tr1841,Only Love Can Hurt Like This,588955257,1,1,2014,https://i.scdn.co/image/ab67616d0000b273c4576f635253db511bb43789
Tr1842,Hold My Hand,238350348,3,5,2022,https://i.scdn.co/image/ab67616d0000b273b7e7edfee5626b7b1f15192a
Tr1843,Daydreaming,187703102,20,5,2022,https://i.scdn.co/image/ab67616d0000b2732e8ed79e177ff6011076f5f0
Tr1844,Nos Comemos (feat. Ozuna),138334433,2,6,2022,Not Found
Tr1845,Me and Your Mama,445590495,10,11,2016,https://i.scdn.co/image/ab67616d0000b2737582716b3666a5235d5af4ea
Tr1846,Crazy What Love Can Do,286739476,18,3,2022,https://i.scdn.co/image/ab67616d0000b273ef4ed3c74eb9eac3754b60d2
Tr1847,SLOW DANCING IN THE DARK,1122364376,12,9,2018,https://i.scdn.co/image/ab67616d0000b27360ba1d6104d0475c7555a6b2
Tr1848,Antes de Perderte,157136970,2,6,2022,https://i.scdn.co/image/ab67616d0000b273e63232b00577a053120ca08f
Tr1849,Boyfriends,137070925,20,5,2022,https://i.scdn.co/image/ab67616d0000b2732e8ed79e177ff6011076f5f0
Tr1850,295,183273246,15,5,2021,https://i.scdn.co/image/ab67616d0000b2731d1cc2e40d533d7bcebf5dae
Tr1851,Tak Ingin Usai,184807630,13,5,2022,https://i.scdn.co/image/ab67616d0000b2738fa475b368164ab5eebe1a8d
Tr1852,En El Radio Un Cochinero,164856284,13,5,2022,https://i.scdn.co/image/ab67616d0000b273665cfd5826ac132eb42262d3
Tr1853,Master of Puppets (Remastered),704171068,3,3,1986,https://i.scdn.co/image/ab67616d0000b273cad4832cb7b5844343278daa
Tr1854,BREAK MY SOUL,354614964,21,6,2022,Not Found
Tr1855,ULTRA SOLO REMIX,279717388,16,6,2022,Not Found
Tr1856,Massive,195628667,17,6,2022,https://i.scdn.co/image/ab67616d0000b2738dc0d801766a5aa6a33cbe37
Tr1857,Betty (Get Money),221752937,10,6,2022,https://i.scdn.co/image/ab67616d0000b273633674a4e5072dabf5173069
Tr1858,Ojos Marrones,263280370,6,2,2022,https://i.scdn.co/image/ab67616d0000b273c6fbbdf9c172f4f68a89198a
Tr1859,POP!,213505179,24,6,2022,https://i.scdn.co/image/ab67616d0000b2735fb4a9cfbeb3b7beb337ed02
Tr1860,Layla,130419412,24,3,2022,Not Found
Tr1861,MORE,155795783,1,7,2022,https://i.scdn.co/image/ab67616d0000b273ce5bba40b16f887e0461c6e2
Tr1862,Sweet Child O' Mine,1553497987,1,1,1987,https://i.scdn.co/image/ab67616d0000b27321ebf49b3292c3f0f575f0f5
Tr1863,Last Last,293466523,12,5,2022,https://i.scdn.co/image/ab67616d0000b27312ebde47882280b814275600
Tr1864,Sticky,191448892,17,6,2022,https://i.scdn.co/image/ab67616d0000b2738dc0d801766a5aa6a33cbe37
Tr1865,Hot Shit (feat. Ye & Lil Durk),85924992,1,7,2022,https://i.scdn.co/image/ab67616d0000b273b629e669238964a725937c1b
Tr1866,Ai Preto,176103902,3,6,2022,https://i.scdn.co/image/ab67616d0000b27302c3ff07d407f3e30c395243
Tr1867,La Loto,121189256,6,7,2022,Not Found
Tr1868,die first,131746175,24,6,2022,https://i.scdn.co/image/ab67616d0000b273fe6b11174f7eaddd74e870e0
Tr1869,Afraid To Feel,244790012,2,5,2022,https://i.scdn.co/image/ab67616d0000b273ced808ef1567eaf901041438
Tr1870,Baile no Morro,129314708,10,6,2022,https://i.scdn.co/image/ab67616d0000b27352cf91ed2a3ed757c6faaa8a
Tr1871,c?mo dormi,331511413,4,8,2022,Not Found
Tr1872,Bad Decisions (with BTS & Snoop Dogg),219196651,5,8,2022,https://i.scdn.co/image/ab67616d0000b2738c47a33a55c6d23cc9d2cf3f
Tr1873,STAYING ALIVE (feat. Drake & Lil Baby),170732845,5,8,2022,https://i.scdn.co/image/ab67616d0000b273b690b30a50c94c6da49ba948
Tr1874,Caile,273914335,18,12,2020,https://i.scdn.co/image/ab67616d0000b27305c2cc3e87e9aa15d9db3dd9
Tr1875,Si Te La Encuentras Por Ah?,179061440,5,8,2022,https://i.scdn.co/image/ab67616d0000b273b47e7b6440836be413b84c34
Tr1876,GIVENCHY,185236961,20,7,2022,https://i.scdn.co/image/ab67616d0000b273b661d9d73921e40ae97cb5e4
Tr1877,ALIEN SUPERSTAR,171788484,29,7,2022,Not Found
Tr1878,Mary On A Cross,387080183,13,9,2019,https://i.scdn.co/image/ab67616d0000b273bef9b0a348ea8dd18a581025
Tr1879,Attention,264717480,1,8,2022,https://i.scdn.co/image/ab67616d0000b2739d28fd01859073a3ae6ea209
Tr1880,THE SHADE,244928911,11,3,2022,https://i.scdn.co/image/ab67616d0000b2735b656d32ea6b0b9c54c2d2e0
Tr1881,"Come Back Home - From ""Purple Hearts""",97610446,12,7,2022,https://i.scdn.co/image/ab67616d0000b27326af6664e24916047b68ab81
Tr1882,El Rescate,287278853,22,7,2022,https://i.scdn.co/image/ab67616d0000b2731857fd24035428986c831a7f
Tr1883,Heartless,887906111,1,1,2008,https://i.scdn.co/image/ab67616d0000b273346d77e155d854735410ed18
Tr1884,"Stay With Me (with Justin Timberlake, Halsey, & Pharrell)",123473120,15,7,2022,https://i.scdn.co/image/ab67616d0000b2739b93a80dbfd3d789065d7b67
Tr1885,Siempre Pendientes,295152154,15,8,2022,https://i.scdn.co/image/ab67616d0000b273093a2563368d844b2a91306f
Tr1886,JGL,323455692,18,2,2022,Not Found
Tr1887,Don't You Worry,240918092,16,6,2022,Not Found
Tr1888,Pipoco,191873381,20,5,2022,Not Found
Tr1889,Hold Me Closer,284216603,10,11,2017,https://i.scdn.co/image/ab67616d0000b2735d872e7b0c1ba964541f07e8
Tr1890,Forget Me,239411309,9,9,2022,https://i.scdn.co/image/ab67616d0000b2737cdf9838412bb52df6e9a952
Tr1891,After LIKE,265548837,22,8,2022,https://i.scdn.co/image/ab67616d0000b27387f53da5fb4ab1171766b2d5
Tr1892,Bound 2,703301727,1,1,2013,https://i.scdn.co/image/ab67616d0000b2731dacfbc31cc873d132958af9
Tr1893,B.O.T.A. (Baddest Of Them All) - Edit,244585109,15,6,2022,Not Found
Tr1894,Talk that Talk,189476119,26,8,2022,https://i.scdn.co/image/ab67616d0000b273c3040848e6ef0e132c5c8340
Tr1895,BILLIE EILISH.,277132266,20,1,2022,https://i.scdn.co/image/ab67616d0000b2734f8799f23432ad98d522f0ec
Tr1896,Ferxxo 100,278920007,3,6,2022,https://i.scdn.co/image/ab67616d0000b273b764865b38a71f70dfd0dbcb
Tr1897,KU LO SA - A COLORS SHOW,222410722,10,6,2022,https://i.scdn.co/image/ab67616d0000b273948cc9446ba50ec454e6804f
Tr1898,Prohibidox,185392587,13,9,2022,https://i.scdn.co/image/ab67616d0000b273b764865b38a71f70dfd0dbcb
Tr1899,Static,202452860,15,7,2022,https://i.scdn.co/image/ab67616d0000b27368968350c2550e36d96344ee
Tr1900,The Scientist,1608164312,5,8,2002,https://i.scdn.co/image/ab67616d0000b273de09e02aa7febf30b7c02d82
Tr1901,Sparks,624101957,10,7,2000,https://i.scdn.co/image/ab67616d0000b2733d92b2ad5af9fbc8637425f0
Tr1902,Talk,148461629,2,9,2022,https://i.scdn.co/image/ab67616d0000b2737aee5b36a3a60ca926bc429b
Tr1903,XQ Te Pones As?,47093942,13,9,2022,Not Found
Tr1904,Selfish,380319238,23,6,2016,https://i.scdn.co/image/ab67616d0000b273e9fb616403542596d3ede300
Tr1905,Sin Se?,209106362,22,7,2022,Not Found
Tr1906,Lady Mi Amor,53987404,13,9,2022,https://i.scdn.co/image/ab67616d0000b27373456ed697350847810e52b3
Tr1907,Poland,115331792,23,6,2022,https://i.scdn.co/image/ab67616d0000b273615d6910181bc514d4c4b011
Tr1908,THE LONELIEST,225093344,7,10,2022,Not Found
Tr1909,Bye Bye,84697729,14,10,2022,https://i.scdn.co/image/ab67616d0000b2734204e8bad640cf32eca876a5
Tr1910,BABY OTAKU,159240673,18,8,2022,Not Found
Tr1911,Nxde,170709584,17,10,2022,https://i.scdn.co/image/ab67616d0000b273ac815bdd584468a7aa0216e1
Tr1912,we fell in love in october,723043854,21,11,2018,https://i.scdn.co/image/ab67616d0000b273d6839051c4760457e1a60b2a
Tr1913,2 Be Loved (Am I Ready),247689123,14,7,2022,https://i.scdn.co/image/ab67616d0000b273caa75a1b27530c05d8b76675
Tr1914,Celestial,176474912,29,9,2022,https://i.scdn.co/image/ab67616d0000b27300bc0dcf5dd155f73eff5267
Tr1915,Typa Girl,235549288,16,9,2022,https://i.scdn.co/image/ab67616d0000b2734aeaaeeb0755f1d8a8b51738
Tr1916,I Really Want to Stay at Your House,140430339,18,12,2020,https://i.scdn.co/image/ab67616d0000b273a91a5b301baac1f46e6f30eb
Tr1917,California Breeze,85559365,14,10,2022,https://i.scdn.co/image/ab67616d0000b27366b04b41fa6f8908dce86695
Tr1918,Bamba (feat. Aitch & BIA),146223492,22,9,2022,https://i.scdn.co/image/ab67616d0000b27348064ef6df8fad8a52219c32
Tr1919,Casei Com a Putaria,187701588,1,7,2022,Not Found
Tr1920,Major Distribution,154863153,4,11,2022,https://i.scdn.co/image/ab67616d0000b27302854a7060fccc1a66a4b5ad
Tr1921,Pussy & Millions (feat. Travis Scott),191333656,4,11,2022,https://i.scdn.co/image/ab67616d0000b27302854a7060fccc1a66a4b5ad
Tr1922,Vigilante Shit,253650850,21,10,2022,https://i.scdn.co/image/ab67616d0000b273bb54dde68cd23e2a268ae0f5
Tr1923,Question...?,223064273,21,10,2022,https://i.scdn.co/image/ab67616d0000b273bb54dde68cd23e2a268ae0f5
Tr1924,On BS,170413877,4,11,2022,https://i.scdn.co/image/ab67616d0000b27302854a7060fccc1a66a4b5ad
Tr1925,Mastermind,218320587,21,10,2022,https://i.scdn.co/image/ab67616d0000b273bb54dde68cd23e2a268ae0f5
Tr1926,Circo Loco,141720999,4,11,2022,https://i.scdn.co/image/ab67616d0000b27302854a7060fccc1a66a4b5ad
Tr1927,Labyrinth,187339835,21,10,2022,https://i.scdn.co/image/ab67616d0000b273bb54dde68cd23e2a268ae0f5
Tr1928,Spin Bout U,198365537,4,11,2022,https://i.scdn.co/image/ab67616d0000b27302854a7060fccc1a66a4b5ad
Tr1929,Sweet Nothing,186104310,21,10,2022,https://i.scdn.co/image/ab67616d0000b273bb54dde68cd23e2a268ae0f5
Tr1930,"Would've, Could've, Should've",177503916,21,10,2022,https://i.scdn.co/image/ab67616d0000b2737dca066ca62e4ebb583b8058
Tr1931,Con La Brisa,71095708,4,11,2022,Not Found
Tr1932,Privileged Rappers,112436403,4,11,2022,https://i.scdn.co/image/ab67616d0000b27302854a7060fccc1a66a4b5ad
Tr1933,The Astronaut,203436468,28,10,2022,https://i.scdn.co/image/ab67616d0000b27343aaff780ea621da5ce4eb0a
Tr1934,BackOutsideBoyz,93367537,4,11,2022,https://i.scdn.co/image/ab67616d0000b27302854a7060fccc1a66a4b5ad
Tr1935,Broke Boys,106249219,4,11,2022,https://i.scdn.co/image/ab67616d0000b27302854a7060fccc1a66a4b5ad
Tr1936,The Great War,181382590,21,10,2022,https://i.scdn.co/image/ab67616d0000b273e0b60c608586d88252b8fbc0
Tr1937,My Mind & Me,91473363,3,11,2022,https://i.scdn.co/image/ab67616d0000b2730f5397dc6aa91374897182e0
Tr1938,Bigger Than The Whole Sky,121871870,21,10,2022,https://i.scdn.co/image/ab67616d0000b273e0b60c608586d88252b8fbc0
Tr1939,A Veces (feat. Feid),73513683,3,11,2022,Not Found
Tr1940,En La De Ella,133895612,20,10,2022,Not Found
Tr1941,Alone,96007391,4,11,2022,https://i.scdn.co/image/ab67616d0000b273992a1f56ac5382848277cff2
